-- phpMyAdmin SQL Dump
-- version 3.3.2
-- http://www.phpmyadmin.net
--
-- 호스트: localhost:3306
-- 처리한 시간: 11-03-17 03:55 
-- 서버 버전: 5.1.45
-- PHP 버전: 5.2.13

SET SQL_MODE="NO_AUTO_VALUE_ON_ZERO";


/*!40101 SET @OLD_CHARACTER_SET_CLIENT=@@CHARACTER_SET_CLIENT */;
/*!40101 SET @OLD_CHARACTER_SET_RESULTS=@@CHARACTER_SET_RESULTS */;
/*!40101 SET @OLD_COLLATION_CONNECTION=@@COLLATION_CONNECTION */;
/*!40101 SET NAMES utf8 */;

--
-- 데이터베이스: `kmc5500_db`
--

-- --------------------------------------------------------

--
-- 테이블 구조 `game`
--

CREATE TABLE IF NOT EXISTS `game` (
  `타석번호` int(11) NOT NULL AUTO_INCREMENT,
  `game_no` int(11) NOT NULL,
  `name` varchar(9) DEFAULT NULL,
  `타석` tinyint(4) DEFAULT '0',
  `타수` tinyint(4) DEFAULT '0',
  `득점` tinyint(4) DEFAULT '0',
  `타점` tinyint(4) DEFAULT '0',
  `안타` tinyint(4) DEFAULT '0',
  `일루타` tinyint(4) DEFAULT '0',
  `이루타` tinyint(4) DEFAULT '0',
  `삼루타` tinyint(4) DEFAULT '0',
  `홈런` tinyint(4) DEFAULT '0',
  `볼넷` tinyint(4) DEFAULT '0',
  `삼진` tinyint(4) DEFAULT '0',
  `도루` tinyint(4) DEFAULT '0',
  `희번` tinyint(4) DEFAULT '0',
  `희뜬` tinyint(4) DEFAULT '0',
  `땅볼` tinyint(4) DEFAULT '0',
  `뜬공` tinyint(4) DEFAULT '0',
  PRIMARY KEY (`타석번호`)
) ENGINE=MyISAM  DEFAULT CHARSET=euckr AUTO_INCREMENT=373 ;

--
-- 테이블의 덤프 데이터 `game`
--

INSERT INTO `game` (`타석번호`, `game_no`, `name`, `타석`, `타수`, `득점`, `타점`, `안타`, `일루타`, `이루타`, `삼루타`, `홈런`, `볼넷`, `삼진`, `도루`, `희번`, `희뜬`, `땅볼`, `뜬공`) VALUES
(1, 1, '이경준', 2, 0, 2, 0, 0, 0, 0, 0, 0, 2, 0, 0, 0, 0, 0, 0),
(2, 1, '조원준', 4, 4, 1, 2, 1, 1, 0, 0, 0, 0, 0, 0, 0, 0, 0, 0),
(3, 1, '남진훈', 4, 4, 1, 2, 2, 1, 1, 0, 0, 0, 2, 0, 0, 0, 0, 0),
(4, 1, '서준상', 4, 3, 0, 0, 0, 0, 0, 0, 0, 1, 0, 0, 0, 0, 0, 0),
(5, 1, '박정우', 4, 3, 2, 0, 2, 0, 2, 0, 0, 1, 0, 0, 0, 0, 0, 0),
(6, 1, '이철민', 4, 4, 0, 1, 1, 1, 0, 0, 0, 0, 0, 0, 0, 0, 0, 0),
(7, 1, '김윤성', 4, 3, 2, 0, 1, 1, 0, 0, 0, 0, 2, 0, 0, 0, 0, 0),
(8, 1, '여현철', 1, 0, 2, 0, 0, 0, 0, 0, 0, 1, 0, 0, 0, 0, 0, 0),
(9, 1, '최목', 3, 3, 0, 0, 0, 0, 0, 0, 0, 0, 1, 0, 0, 0, 0, 0),
(10, 1, '김무건', 3, 3, 2, 1, 2, 1, 1, 0, 0, 0, 0, 0, 0, 0, 0, 0),
(11, 1, '김재현', 2, 1, 0, 0, 1, 1, 0, 0, 0, 1, 0, 0, 0, 0, 0, 0),
(12, 1, '김명찬', 1, 1, 0, 0, 0, 0, 0, 0, 0, 0, 1, 0, 0, 0, 0, 0),
(13, 1, '변인우', 1, 1, 0, 0, 0, 0, 0, 0, 0, 0, 1, 0, 0, 0, 0, 0),
(14, 2, '이정룡', 4, 4, 2, 0, 2, 0, 2, 0, 0, 0, 1, 0, 0, 0, 0, 0),
(15, 2, '남진훈', 3, 1, 1, 1, 0, 0, 0, 0, 0, 2, 0, 0, 1, 0, 0, 0),
(16, 2, '김무건', 3, 2, 0, 2, 2, 2, 0, 0, 0, 1, 0, 1, 0, 0, 0, 0),
(17, 2, '김명찬', 3, 1, 0, 0, 0, 0, 0, 0, 0, 2, 0, 0, 1, 0, 0, 0),
(18, 2, '김윤성', 3, 0, 0, 1, 0, 0, 0, 0, 0, 3, 0, 0, 0, 0, 0, 0),
(19, 2, '김재현', 3, 3, 0, 0, 0, 0, 0, 0, 0, 0, 3, 0, 0, 0, 0, 0),
(20, 2, '김형욱', 3, 3, 0, 0, 0, 0, 0, 0, 0, 0, 0, 0, 0, 0, 0, 0),
(21, 2, '최목', 3, 3, 0, 0, 1, 1, 0, 0, 0, 0, 1, 0, 0, 0, 1, 0),
(22, 2, '변인우', 3, 1, 1, 0, 0, 0, 0, 0, 0, 2, 0, 0, 0, 0, 0, 0),
(23, 3, '조원준', 4, 3, 3, 1, 3, 2, 1, 0, 0, 1, 0, 1, 0, 0, 0, 0),
(24, 3, '남진훈', 4, 4, 1, 0, 0, 0, 0, 0, 0, 0, 1, 0, 0, 0, 1, 1),
(25, 3, '김무건', 4, 3, 3, 2, 3, 2, 1, 0, 0, 0, 0, 2, 0, 0, 0, 0),
(26, 3, '서준상', 4, 4, 1, 3, 2, 2, 0, 0, 0, 0, 0, 0, 0, 0, 0, 1),
(27, 3, '박정우', 4, 3, 2, 1, 2, 1, 1, 0, 0, 0, 0, 0, 0, 0, 0, 1),
(28, 3, '변인우', 3, 2, 0, 1, 1, 1, 0, 0, 0, 0, 0, 0, 0, 0, 0, 1),
(29, 3, '이철민', 3, 3, 2, 0, 1, 1, 0, 0, 0, 0, 0, 2, 0, 0, 0, 1),
(30, 3, '이경준', 3, 1, 2, 0, 1, 1, 0, 0, 0, 1, 0, 2, 0, 0, 0, 0),
(31, 3, '이정룡', 2, 2, 1, 0, 1, 1, 0, 0, 0, 0, 1, 0, 0, 0, 0, 0),
(32, 3, '최목', 1, 1, 1, 0, 1, 1, 0, 0, 0, 0, 0, 0, 0, 0, 0, 0),
(33, 4, '손영석', 4, 2, 2, 0, 1, 1, 0, 0, 0, 1, 1, 2, 0, 0, 0, 0),
(34, 4, '김무건', 4, 1, 2, 0, 0, 0, 0, 0, 0, 3, 1, 2, 0, 0, 0, 0),
(35, 4, '서준상', 4, 3, 2, 3, 2, 2, 0, 0, 0, 0, 0, 1, 0, 0, 1, 0),
(36, 4, '박정우', 4, 3, 2, 2, 2, 1, 1, 0, 0, 1, 0, 1, 0, 0, 0, 1),
(37, 4, '이철민', 4, 3, 0, 1, 1, 1, 0, 0, 0, 1, 1, 0, 0, 0, 1, 0),
(38, 4, '김명찬', 3, 2, 1, 1, 1, 1, 0, 0, 0, 1, 1, 1, 0, 0, 0, 0),
(39, 4, '김윤성', 3, 0, 1, 1, 0, 0, 0, 0, 0, 2, 0, 1, 0, 0, 0, 0),
(40, 4, '최목', 3, 3, 1, 3, 2, 1, 1, 0, 0, 0, 0, 0, 0, 0, 0, 0),
(41, 4, '이태엽', 2, 1, 1, 1, 1, 1, 0, 0, 0, 1, 0, 1, 0, 0, 0, 0),
(42, 5, '이정룡', 2, 1, 1, 0, 0, 0, 0, 0, 0, 1, 1, 1, 0, 0, 0, 0),
(43, 5, '최목', 2, 1, 0, 0, 1, 1, 0, 0, 0, 0, 1, 0, 0, 0, 0, 0),
(44, 5, '김명찬', 1, 1, 1, 1, 0, 0, 0, 0, 0, 0, 0, 2, 0, 0, 1, 0),
(45, 5, '서준상', 1, 1, 0, 0, 0, 0, 0, 0, 0, 0, 0, 0, 0, 0, 0, 0),
(46, 5, '이경준', 1, 1, 0, 1, 1, 1, 0, 0, 0, 0, 0, 0, 0, 0, 0, 0),
(47, 5, '여현철', 1, 1, 0, 0, 0, 0, 0, 0, 0, 0, 1, 0, 0, 0, 0, 0),
(48, 5, '김무건', 1, 1, 0, 0, 1, 0, 1, 0, 0, 0, 0, 0, 0, 0, 0, 0),
(49, 5, '조원준', 1, 1, 0, 0, 0, 0, 0, 0, 0, 0, 1, 0, 0, 0, 0, 0),
(50, 5, '이철민', 1, 1, 0, 0, 0, 0, 0, 0, 0, 0, 0, 0, 0, 0, 1, 0),
(51, 5, '이태엽', 1, 1, 0, 0, 0, 0, 0, 0, 0, 0, 1, 0, 0, 0, 0, 0),
(52, 6, '이정룡', 4, 3, 1, 1, 2, 2, 0, 0, 0, 1, 0, 0, 0, 0, 0, 0),
(53, 6, '조원준', 4, 3, 0, 1, 1, 1, 0, 0, 0, 1, 0, 1, 0, 0, 0, 0),
(54, 6, '김무건', 4, 2, 0, 1, 1, 1, 0, 0, 0, 2, 0, 0, 0, 0, 0, 0),
(55, 6, '박정우', 4, 4, 1, 0, 2, 2, 0, 0, 0, 0, 0, 1, 0, 0, 0, 0),
(56, 6, '서준상', 2, 2, 0, 0, 0, 0, 0, 0, 0, 0, 0, 0, 0, 0, 0, 0),
(57, 6, '이철민', 4, 1, 1, 0, 1, 1, 0, 0, 0, 3, 0, 0, 0, 0, 0, 0),
(58, 6, '김윤성', 4, 4, 2, 0, 1, 0, 1, 0, 0, 0, 1, 0, 0, 0, 0, 0),
(59, 6, '최목', 3, 3, 2, 0, 3, 2, 1, 0, 0, 0, 0, 1, 0, 0, 0, 0),
(60, 6, '김명찬', 3, 3, 0, 1, 1, 1, 0, 0, 0, 0, 0, 0, 0, 0, 0, 0),
(61, 6, '이태엽', 2, 1, 0, 2, 0, 0, 0, 0, 0, 1, 1, 0, 0, 0, 0, 0),
(62, 7, '조원준', 3, 3, 1, 0, 1, 1, 0, 0, 0, 0, 0, 1, 0, 0, 2, 0),
(63, 7, '이정룡', 3, 3, 0, 0, 0, 0, 0, 0, 0, 0, 1, 0, 0, 0, 2, 0),
(64, 7, '김무건', 2, 1, 2, 0, 1, 0, 1, 0, 0, 1, 0, 1, 0, 0, 0, 0),
(65, 7, '손영석', 1, 1, 1, 0, 0, 0, 0, 0, 0, 0, 0, 0, 0, 0, 1, 0),
(66, 7, '서준상', 3, 3, 1, 0, 0, 0, 0, 0, 0, 0, 0, 1, 0, 0, 1, 2),
(67, 7, '최목', 3, 2, 0, 3, 1, 1, 0, 0, 0, 0, 0, 0, 0, 1, 1, 0),
(68, 7, '남진훈', 3, 3, 0, 0, 0, 0, 0, 0, 0, 0, 1, 0, 0, 0, 0, 2),
(69, 7, '김명찬', 1, 1, 0, 0, 0, 0, 0, 0, 0, 0, 1, 0, 0, 0, 0, 0),
(70, 7, '이철민', 2, 1, 0, 0, 0, 0, 0, 0, 0, 1, 1, 0, 0, 0, 0, 0),
(71, 7, '변인우', 2, 2, 1, 0, 1, 1, 0, 0, 0, 0, 1, 0, 0, 0, 0, 0),
(72, 7, '김윤성', 1, 0, 0, 0, 0, 0, 0, 0, 0, 1, 0, 1, 0, 0, 0, 0),
(73, 7, '이태엽', 1, 1, 0, 0, 0, 0, 0, 0, 0, 0, 1, 0, 0, 0, 0, 0),
(74, 8, NULL, NULL, NULL, NULL, NULL, NULL, NULL, NULL, NULL, NULL, NULL, NULL, NULL, NULL, NULL, NULL, NULL),
(75, 9, '이정룡', 3, 1, 2, 0, 0, 0, 0, 0, 0, 2, 0, 2, 0, 0, 0, 1),
(76, 9, '조원준', 3, 3, 1, 2, 1, 0, 1, 0, 0, 0, 0, 1, 0, 0, 1, 0),
(77, 9, '박정우', 3, 3, 0, 0, 0, 0, 0, 0, 0, 0, 1, 0, 0, 0, 1, 1),
(78, 9, '이철민', 3, 3, 2, 1, 2, 1, 1, 0, 0, 0, 1, 1, 0, 0, 0, 0),
(79, 9, '김무건', 3, 2, 0, 1, 1, 0, 1, 0, 0, 1, 0, 0, 0, 0, 0, 1),
(80, 9, '최목', 3, 3, 0, 2, 2, 2, 0, 0, 0, 0, 0, 2, 0, 0, 1, 0),
(81, 9, '변인우', 2, 1, 0, 0, 0, 0, 0, 0, 0, 1, 1, 0, 0, 0, 0, 0),
(82, 9, '남진훈', 2, 2, 0, 0, 1, 0, 1, 0, 0, 0, 0, 2, 0, 0, 1, 0),
(83, 9, '김명찬', 2, 2, 0, 0, 0, 0, 0, 0, 0, 0, 1, 0, 0, 0, 0, 1),
(84, 10, '이경준', 3, 3, 3, 0, 2, 0, 2, 0, 0, 0, 0, 2, 0, 0, 1, 0),
(85, 10, '이태엽', 3, 2, 1, 0, 0, 0, 0, 0, 0, 1, 2, 1, 0, 0, 1, 0),
(86, 10, '변인우', 3, 3, 0, 0, 0, 0, 0, 0, 0, 0, 2, 0, 0, 0, 1, 0),
(87, 10, '서준상', 3, 2, 2, 0, 1, 0, 1, 0, 0, 1, 0, 3, 0, 0, 1, 0),
(88, 10, '박정우', 3, 3, 1, 2, 0, 0, 0, 0, 0, 0, 0, 1, 0, 0, 1, 1),
(89, 10, '김윤성', 3, 2, 1, 0, 0, 0, 0, 0, 0, 1, 0, 4, 0, 0, 1, 1),
(90, 10, '이철민', 3, 3, 0, 2, 1, 0, 1, 0, 0, 0, 2, 1, 0, 0, 0, 0),
(91, 10, '여현철', 3, 2, 1, 0, 0, 0, 0, 0, 0, 1, 2, 2, 0, 0, 0, 1),
(92, 10, '최목', 3, 2, 2, 0, 0, 0, 0, 0, 0, 1, 0, 1, 0, 0, 1, 1),
(93, 11, '이정룡', 3, 1, 1, 0, 1, 1, 0, 0, 0, 1, 0, 2, 0, 0, 0, 0),
(94, 11, '이경준', 3, 3, 1, 1, 1, 1, 0, 0, 0, 0, 1, 2, 0, 0, 0, 1),
(95, 11, '조원준', 3, 2, 1, 0, 0, 0, 0, 0, 0, 1, 1, 0, 0, 1, 2, 0),
(96, 11, '이철민', 3, 3, 1, 0, 0, 0, 0, 0, 0, 0, 1, 0, 0, 0, 1, 1),
(97, 11, '박정우', 3, 3, 2, 2, 1, 1, 0, 0, 0, 0, 0, 2, 0, 0, 2, 0),
(98, 11, '서준상', 3, 3, 1, 1, 2, 2, 0, 0, 0, 1, 1, 1, 0, 0, 0, 1),
(99, 11, '김무건', 3, 2, 0, 1, 0, 0, 0, 0, 0, 1, 1, 1, 0, 0, 1, 0),
(100, 11, '최목', 3, 3, 1, 2, 1, 1, 0, 0, 0, 0, 0, 1, 0, 0, 2, 0),
(101, 11, '김윤성', 2, 1, 0, 1, 1, 1, 0, 0, 0, 0, 0, 1, 0, 0, 0, 1),
(102, 12, '김무건', 3, 2, 0, 0, 0, 0, 0, 0, 0, 1, 0, 0, 1, 1, 0, 0),
(103, 12, '조원준', 3, 2, 0, 0, 0, 0, 0, 0, 0, 1, 0, 1, 1, 1, 0, 0),
(104, 12, '박정우', 3, 3, 0, 0, 1, 1, 0, 0, 0, 0, 0, 1, 1, 1, 0, 0),
(105, 12, '최목', 3, 3, 0, 0, 2, 2, 0, 0, 0, 0, 0, 2, 1, 0, 0, 0),
(106, 12, '서준상', 3, 2, 0, 0, 0, 0, 0, 0, 0, 1, 0, 2, 2, 0, 0, 0),
(107, 12, '이철민', 3, 3, 0, 0, 0, 0, 0, 0, 0, 0, 0, 0, 1, 2, 0, 0),
(108, 12, '이경준', 3, 2, 0, 0, 0, 0, 0, 0, 0, 1, 0, 1, 2, 0, 0, 0),
(109, 12, '김명찬', 3, 1, 0, 0, 0, 0, 0, 0, 0, 2, 0, 0, 1, 0, 0, 0),
(110, 12, '남진훈', 3, 3, 0, 0, 0, 0, 0, 0, 0, 0, 2, 0, 1, 0, 0, 0),
(111, 13, '이정룡', 4, 2, 1, 0, 0, 0, 0, 0, 0, 2, 1, 0, 0, 0, 0, 1),
(112, 13, '조원준', 4, 3, 1, 0, 0, 0, 0, 0, 0, 1, 0, 1, 0, 0, 2, 1),
(113, 13, '김무건', 4, 3, 2, 2, 2, 2, 0, 0, 0, 1, 0, 0, 0, 0, 0, 1),
(114, 13, '이철민', 4, 4, 1, 2, 2, 0, 2, 0, 0, 0, 1, 0, 0, 0, 0, 1),
(115, 13, '서준상', 3, 3, 0, 2, 2, 1, 1, 0, 0, 0, 0, 0, 0, 0, 1, 0),
(116, 13, '최목', 3, 3, 0, 0, 0, 0, 0, 0, 0, 0, 1, 0, 0, 0, 0, 2),
(117, 13, '김명찬', 3, 3, 0, 0, 0, 0, 0, 0, 0, 0, 2, 0, 0, 0, 0, 0),
(118, 13, '여현철', 2, 2, 0, 0, 0, 0, 0, 0, 0, 0, 1, 1, 0, 0, 1, 0),
(119, 13, '김윤성', 3, 1, 1, 0, 0, 0, 0, 0, 0, 2, 0, 0, 0, 0, 1, 0),
(120, 13, '박정우', 1, 0, 1, 0, 0, 0, 0, 0, 0, 1, 0, 0, 0, 0, 0, 0),
(121, 18, '이정룡', 6, 2, 4, 6, 2, 1, 0, 0, 1, 4, 0, 1, 0, 0, 0, 0),
(122, 18, '이경준', 6, 3, 3, 3, 3, 3, 0, 0, 0, 3, 0, 0, 0, 0, 0, 0),
(123, 18, '박정우', 6, 6, 3, 3, 2, 1, 1, 0, 0, 0, 0, 0, 0, 0, 2, 1),
(124, 18, '이철민', 5, 3, 2, 3, 0, 0, 0, 0, 0, 2, 0, 0, 0, 0, 1, 2),
(125, 18, '김무건', 5, 4, 3, 3, 2, 2, 0, 0, 0, 0, 0, 0, 0, 1, 1, 1),
(126, 18, '문종열', 5, 3, 4, 1, 3, 1, 2, 0, 0, 2, 0, 3, 0, 0, 0, 0),
(127, 18, '김명찬', 5, 4, 1, 2, 2, 2, 0, 0, 0, 1, 2, 0, 0, 0, 0, 0),
(128, 18, '남진훈', 5, 1, 2, 2, 1, 1, 0, 0, 0, 3, 0, 1, 0, 1, 0, 0),
(129, 18, '문준혁', 5, 3, 2, 0, 0, 0, 0, 0, 0, 2, 2, 0, 0, 0, 1, 0),
(130, 15, '김무건', 4, 2, 3, 0, 1, 1, 0, 0, 0, 2, 0, 2, 0, 0, 1, 0),
(131, 15, '이경준', 4, 2, 1, 0, 0, 0, 0, 0, 0, 1, 0, 0, 0, 0, 1, 2),
(132, 15, '이정룡', 4, 3, 2, 4, 1, 1, 0, 0, 0, 1, 0, 2, 0, 0, 2, 0),
(133, 15, '서준상', 4, 2, 0, 1, 0, 0, 0, 0, 0, 2, 1, 1, 0, 0, 1, 0),
(134, 15, '최목', 4, 3, 0, 2, 2, 1, 1, 0, 0, 1, 1, 0, 0, 0, 0, 0),
(135, 15, '조원준', 4, 2, 0, 0, 0, 0, 0, 0, 0, 2, 0, 0, 0, 0, 2, 0),
(136, 15, '문종열', 4, 3, 0, 0, 0, 0, 0, 0, 0, 1, 1, 0, 0, 0, 0, 2),
(137, 15, '이철민', 4, 3, 1, 1, 1, 1, 0, 0, 0, 1, 0, 1, 0, 0, 1, 1),
(138, 15, '김명찬', 3, 2, 2, 1, 2, 2, 0, 0, 0, 1, 0, 2, 0, 0, 0, 0),
(139, 14, '이정룡', 3, 2, 1, 0, 0, 0, 0, 0, 0, 1, 2, 2, 0, 0, 0, 0),
(140, 14, '박정우', 2, 2, 0, 0, 0, 0, 0, 0, 0, 0, 1, 0, 0, 0, 0, 1),
(141, 14, '최목', 2, 0, 1, 0, 0, 0, 0, 0, 0, 2, 0, 1, 0, 0, 0, 0),
(142, 14, '서준상', 2, 2, 0, 2, 1, 0, 1, 0, 0, 0, 1, 0, 0, 0, 0, 0),
(143, 14, '이철민', 2, 1, 0, 0, 0, 0, 0, 0, 0, 1, 1, 0, 0, 0, 0, 0),
(144, 14, '김무건', 2, 1, 0, 0, 0, 0, 0, 0, 0, 1, 1, 0, 0, 0, 0, 0),
(145, 14, '김윤성', 2, 2, 0, 0, 0, 0, 0, 0, 0, 0, 1, 0, 0, 0, 1, 0),
(146, 14, '김명찬', 2, 1, 0, 0, 0, 0, 0, 0, 0, 1, 0, 0, 0, 0, 1, 0),
(147, 14, '최일준', 2, 1, 0, 0, 0, 0, 0, 0, 0, 1, 0, 0, 0, 0, 1, 0),
(148, 17, '이정룡', 3, 3, 1, 1, 1, 0, 1, 0, 0, 0, 1, 0, 0, 0, 1, 0),
(149, 17, '문종열', 3, 3, 1, 2, 1, 0, 1, 0, 0, 0, 1, 0, 0, 0, 1, 0),
(150, 17, '김무건', 3, 3, 2, 1, 2, 1, 1, 0, 0, 0, 0, 2, 0, 0, 0, 0),
(151, 17, '이경준', 3, 2, 0, 1, 1, 0, 1, 0, 0, 1, 0, 2, 0, 0, 0, 1),
(152, 17, '김윤성', 3, 3, 0, 0, 0, 0, 0, 0, 0, 0, 1, 0, 0, 0, 2, 0),
(153, 17, '김명찬', 3, 3, 0, 0, 0, 0, 0, 0, 0, 0, 2, 0, 0, 0, 1, 0),
(154, 17, '윤동현', 2, 0, 1, 0, 0, 0, 0, 0, 0, 2, 0, 1, 0, 0, 0, 0),
(155, 17, '이태엽', 2, 2, 0, 0, 0, 0, 0, 0, 0, 0, 1, 0, 0, 0, 1, 0),
(156, 17, '최일준', 2, 1, 1, 0, 0, 0, 0, 0, 0, 1, 1, 0, 0, 0, 0, 0),
(157, 20, '김무건', 2, 1, 0, 0, 0, 0, 0, 0, 0, 1, 1, 1, 0, 0, 0, 0),
(158, 20, '남진훈', 1, 1, 0, 0, 0, 0, 0, 0, 0, 0, 1, 0, 0, 0, 0, 0),
(159, 20, '이경준', 3, 3, 0, 0, 0, 0, 0, 0, 0, 0, 2, 0, 0, 0, 1, 0),
(160, 20, '박정우', 3, 3, 0, 0, 1, 1, 0, 0, 0, 0, 1, 1, 0, 0, 1, 1),
(161, 20, '문종열', 3, 3, 1, 0, 1, 1, 0, 0, 0, 0, 0, 2, 0, 0, 1, 0),
(162, 20, '서준상', 3, 1, 1, 0, 0, 0, 0, 0, 0, 2, 0, 1, 0, 0, 1, 0),
(163, 20, '최목', 3, 3, 1, 1, 2, 2, 0, 0, 0, 0, 0, 0, 0, 0, 1, 0),
(164, 20, '김윤성', 2, 1, 0, 0, 0, 0, 0, 0, 0, 1, 0, 1, 0, 0, 0, 0),
(165, 20, '정지훈', 0, 0, 0, 0, 0, 0, 0, 0, 0, 0, 0, 0, 0, 0, 0, 0),
(166, 20, '이태엽', 2, 2, 0, 0, 0, 0, 0, 0, 0, 0, 1, 0, 0, 0, 0, 0),
(167, 20, '김명찬', 2, 2, 0, 2, 1, 1, 0, 0, 0, 0, 0, 0, 0, 0, 1, 0),
(168, 21, '이정룡', 3, 3, 1, 1, 1, 1, 0, 0, 0, 0, 2, 1, 0, 0, 0, 0),
(169, 21, '정지훈', 3, 1, 1, 0, 0, 0, 0, 0, 0, 2, 0, 0, 0, 0, 1, 0),
(170, 21, '김무건', 3, 3, 1, 2, 2, 2, 0, 0, 0, 0, 0, 2, 0, 0, 1, 0),
(171, 21, '서준상', 3, 2, 1, 1, 0, 0, 0, 0, 0, 1, 1, 1, 0, 0, 1, 0),
(172, 21, '박정우', 3, 1, 1, 3, 0, 0, 0, 0, 0, 2, 1, 3, 0, 0, 0, 0),
(173, 21, '문종열', 3, 3, 0, 0, 0, 0, 0, 0, 0, 0, 3, 0, 0, 0, 0, 0),
(174, 21, '김명찬', 2, 1, 1, 0, 0, 0, 0, 0, 0, 1, 0, 0, 0, 0, 1, 0),
(175, 21, '최목', 1, 1, 0, 0, 0, 0, 0, 0, 0, 0, 0, 0, 0, 0, 1, 0),
(176, 21, '남진훈', 2, 1, 1, 0, 0, 0, 0, 0, 0, 1, 1, 0, 0, 0, 0, 0),
(177, 21, '김윤성', 0, 0, 0, 0, 0, 0, 0, 0, 0, 0, 0, 0, 0, 0, 0, 0),
(178, 21, '문준혁', 2, 2, 0, 0, 0, 0, 0, 0, 0, 0, 2, 0, 0, 0, 0, 0),
(179, 22, '이정룡', 4, 4, 1, 0, 1, 0, 1, 0, 0, 0, 2, 1, 0, 0, 1, 0),
(180, 22, '문종열', 3, 2, 3, 0, 1, 1, 0, 0, 0, 1, 0, 3, 0, 0, 0, 1),
(181, 22, '이경준', 3, 3, 2, 1, 2, 1, 1, 0, 0, 0, 0, 4, 0, 0, 1, 0),
(182, 22, '최목', 3, 2, 0, 1, 0, 0, 0, 0, 0, 1, 0, 0, 0, 0, 1, 1),
(183, 22, '김무건', 3, 3, 2, 0, 2, 1, 1, 0, 0, 0, 0, 3, 0, 0, 1, 0),
(184, 22, '서준상', 3, 3, 0, 1, 0, 0, 0, 0, 0, 0, 0, 0, 0, 0, 2, 1),
(185, 22, '이철민', 3, 1, 0, 0, 0, 0, 0, 0, 0, 2, 0, 3, 0, 0, 1, 0),
(186, 22, '최일준', 3, 2, 0, 0, 0, 0, 0, 0, 0, 1, 1, 1, 0, 0, 1, 0),
(187, 22, '남진훈', 3, 3, 0, 0, 0, 0, 0, 0, 0, 0, 1, 0, 0, 0, 1, 1),
(188, 23, '김무건', 5, 3, 4, 0, 0, 0, 0, 0, 0, 2, 0, 2, 0, 0, 2, 0),
(189, 23, '이경준', 5, 3, 2, 1, 2, 1, 1, 0, 0, 2, 0, 0, 0, 0, 0, 1),
(190, 23, '박정우', 5, 5, 1, 1, 1, 1, 0, 0, 0, 0, 0, 1, 0, 0, 2, 1),
(191, 23, '서준상', 5, 4, 3, 3, 2, 1, 0, 1, 0, 1, 0, 3, 0, 0, 1, 0),
(192, 23, '이철민', 4, 4, 0, 2, 2, 1, 1, 0, 0, 0, 0, 0, 0, 0, 0, 2),
(193, 23, '김명찬', 4, 3, 0, 1, 2, 2, 0, 0, 0, 1, 0, 2, 0, 0, 1, 0),
(194, 23, '남진훈', 4, 3, 0, 1, 0, 0, 0, 0, 0, 1, 0, 1, 0, 0, 0, 1),
(195, 23, '최일준', 2, 2, 0, 0, 0, 0, 0, 0, 0, 0, 2, 0, 0, 0, 0, 0),
(196, 23, '김윤성', 2, 2, 0, 0, 0, 0, 0, 0, 0, 0, 2, 0, 0, 0, 0, 0),
(197, 23, '문준혁', 4, 2, 2, 0, 1, 1, 0, 0, 0, 2, 1, 1, 0, 0, 0, 0),
(198, 24, '이정룡', 4, 3, 1, 0, 2, 2, 0, 0, 0, 1, 0, 2, 0, 0, 0, 1),
(199, 24, '박정우', 4, 3, 1, 1, 0, 0, 0, 0, 0, 1, 1, 2, 0, 0, 1, 0),
(200, 24, '김윤성', 4, 3, 1, 2, 1, 0, 1, 0, 0, 1, 2, 1, 0, 0, 0, 0),
(201, 24, '이철민', 3, 2, 0, 0, 0, 0, 0, 0, 0, 1, 0, 0, 0, 0, 2, 0),
(202, 24, '김명찬', 3, 2, 1, 0, 0, 0, 0, 0, 0, 1, 0, 3, 0, 0, 2, 0),
(203, 24, '남진훈', 3, 2, 1, 1, 1, 0, 0, 1, 0, 1, 1, 1, 0, 0, 0, 0),
(204, 24, '여현철', 2, 2, 0, 0, 0, 0, 0, 0, 0, 0, 1, 0, 0, 0, 0, 1),
(205, 24, '이경준', 1, 1, 1, 1, 1, 1, 0, 0, 0, 0, 0, 1, 0, 0, 0, 0),
(206, 24, '최일준', 3, 2, 2, 0, 1, 1, 0, 0, 0, 1, 1, 2, 0, 0, 0, 0),
(207, 24, '김재현', 3, 3, 0, 1, 0, 0, 0, 0, 0, 0, 2, 0, 0, 0, 1, 0),
(208, 25, '이정룡', 3, 3, 2, 3, 3, 1, 0, 1, 1, 0, 0, 1, 0, 0, 0, 0),
(209, 25, '문종열', 3, 2, 0, 1, 0, 0, 0, 0, 0, 0, 1, 0, 0, 0, 1, 1),
(210, 25, '박정우', 3, 3, 1, 0, 2, 2, 0, 0, 0, 0, 0, 2, 0, 0, 0, 1),
(211, 25, '문정우', 3, 2, 0, 0, 0, 0, 0, 0, 0, 1, 1, 1, 0, 0, 1, 0),
(212, 25, '이호준', 3, 2, 1, 0, 0, 0, 0, 0, 0, 1, 0, 1, 0, 0, 0, 2),
(213, 25, '최일준', 3, 1, 2, 0, 0, 0, 0, 0, 0, 2, 1, 0, 0, 0, 0, 0),
(214, 25, '김명찬', 2, 2, 1, 1, 1, 1, 0, 0, 0, 0, 0, 0, 0, 0, 0, 1),
(215, 25, '여현철', 2, 1, 2, 1, 0, 0, 0, 0, 0, 1, 0, 0, 0, 0, 1, 0),
(216, 25, '김우경', 0, 0, 0, 0, 0, 0, 0, 0, 0, 0, 0, 0, 0, 0, 0, 0),
(217, 25, '정지훈', 2, 1, 1, 1, 0, 0, 0, 0, 0, 1, 0, 0, 0, 0, 0, 1),
(218, 26, '이정룡', 4, 3, 1, 2, 1, 1, 0, 0, 0, 1, 2, 0, 0, 0, 0, 0),
(219, 26, '구찬우', 2, 1, 0, 0, 0, 0, 0, 0, 0, 1, 1, 0, 0, 0, 0, 0),
(220, 26, '문종열', 4, 4, 2, 1, 2, 2, 0, 0, 0, 0, 2, 1, 0, 0, 0, 0),
(221, 26, '박정우', 4, 4, 2, 3, 3, 2, 0, 1, 0, 0, 0, 4, 0, 0, 1, 0),
(222, 26, '서준상', 4, 2, 2, 1, 2, 1, 1, 0, 0, 2, 0, 5, 0, 0, 0, 0),
(223, 26, '김명찬', 1, 1, 1, 1, 0, 0, 0, 0, 0, 0, 0, 0, 0, 0, 1, 0),
(224, 26, '여현철', 3, 3, 0, 0, 1, 1, 0, 0, 0, 0, 2, 0, 0, 0, 0, 0),
(225, 26, '이호준', 4, 4, 1, 3, 2, 2, 0, 0, 0, 0, 1, 2, 0, 0, 1, 0),
(226, 26, '최일준', 4, 3, 1, 0, 0, 0, 0, 0, 0, 1, 0, 0, 0, 0, 2, 1),
(227, 26, '정지훈', 4, 4, 1, 0, 1, 1, 0, 0, 0, 0, 1, 2, 0, 0, 1, 1),
(228, 26, '문준혁', 1, 1, 0, 0, 0, 0, 0, 0, 0, 0, 1, 0, 0, 0, 0, 0),
(229, 29, '야나기와 타카유키', 3, 3, 1, 0, 1, 1, 0, 0, 0, 0, 1, 0, 0, 0, 0, 1),
(230, 29, '서준혁', 2, 2, 0, 0, 0, 0, 0, 0, 0, 0, 2, 0, 0, 0, 0, 0),
(231, 29, '오용민', 2, 0, 0, 0, 0, 0, 0, 0, 0, 2, 0, 0, 0, 0, 0, 0),
(232, 29, '안수한', 2, 1, 0, 1, 1, 1, 0, 0, 0, 0, 0, 0, 0, 1, 0, 0),
(233, 29, '나의석', 2, 2, 0, 0, 0, 0, 0, 0, 0, 0, 1, 0, 0, 0, 0, 1),
(234, 29, '강기철', 2, 2, 0, 0, 1, 1, 0, 0, 0, 0, 0, 0, 0, 0, 1, 0),
(235, 29, '홍대정', 2, 1, 0, 0, 0, 0, 0, 0, 0, 1, 0, 0, 0, 0, 0, 1),
(236, 29, '조승표', 2, 2, 0, 0, 1, 1, 0, 0, 0, 0, 1, 0, 0, 0, 0, 0),
(237, 29, '장다솔', 2, 2, 0, 0, 0, 0, 0, 0, 0, 0, 1, 0, 0, 0, 1, 0),
(238, 30, '문치권', 3, 3, 2, 1, 2, 2, 0, 0, 0, 0, 0, 0, 0, 0, 0, 1),
(239, 30, '최지원', 3, 2, 2, 0, 2, 1, 1, 0, 0, 1, 0, 0, 0, 0, 0, 0),
(240, 30, '유재석', 3, 2, 3, 1, 1, 0, 1, 0, 0, 0, 0, 0, 0, 0, 1, 0),
(241, 30, '임희섭', 3, 2, 0, 2, 1, 1, 0, 0, 0, 1, 0, 0, 0, 0, 1, 0),
(242, 30, '전우람', 3, 3, 1, 1, 2, 2, 0, 0, 0, 0, 0, 0, 0, 0, 0, 1),
(243, 30, '백광선', 2, 1, 1, 0, 0, 0, 0, 0, 0, 1, 0, 0, 0, 0, 0, 1),
(244, 30, '최용재', 2, 2, 1, 0, 0, 0, 0, 0, 0, 1, 1, 0, 0, 0, 0, 0),
(245, 30, '정훈영', 2, 2, 1, 0, 1, 0, 1, 0, 0, 0, 0, 0, 0, 0, 1, 0),
(246, 30, '심정현', 2, 2, 0, 2, 1, 1, 0, 0, 0, 0, 0, 0, 0, 0, 1, 0),
(247, 31, '전우람', 3, 3, 1, 0, 1, 0, 1, 0, 0, 0, 1, 0, 0, 0, 0, 0),
(248, 31, '최지원', 3, 2, 1, 1, 1, 0, 1, 0, 0, 1, 0, 0, 0, 0, 0, 1),
(249, 31, '유재석', 2, 1, 1, 0, 0, 0, 0, 0, 0, 1, 0, 0, 0, 0, 0, 0),
(250, 31, '문치권', 1, 1, 1, 0, 0, 0, 0, 0, 0, 0, 0, 0, 0, 0, 1, 0),
(251, 31, '임희섭', 3, 2, 0, 1, 0, 0, 0, 0, 0, 1, 0, 0, 0, 0, 2, 0),
(252, 31, '윤석호', 2, 1, 1, 0, 0, 0, 0, 0, 0, 1, 0, 0, 0, 0, 0, 1),
(253, 31, '이영재', 1, 1, 1, 2, 1, 0, 0, 0, 1, 0, 0, 0, 0, 0, 0, 0),
(254, 31, '심정현', 2, 2, 0, 1, 1, 1, 0, 0, 0, 0, 1, 0, 0, 0, 0, 0),
(255, 31, '박주용', 1, 1, 0, 0, 1, 0, 0, 0, 0, 0, 0, 0, 0, 0, 0, 0),
(256, 31, '이시우', 3, 1, 0, 0, 0, 0, 0, 0, 0, 2, 1, 0, 0, 0, 0, 0),
(257, 31, '정훈영', 1, 1, 0, 0, 1, 1, 0, 0, 0, 0, 0, 0, 0, 0, 0, 0),
(258, 31, '김성윤', 2, 1, 0, 0, 0, 0, 0, 0, 0, 1, 0, 0, 0, 0, 0, 1),
(259, 31, '백광선', 2, 2, 0, 1, 1, 0, 0, 0, 0, 0, 1, 0, 0, 0, 0, 0),
(260, 32, '박지용', 3, 2, 1, 1, 0, 0, 0, 0, 0, 1, 2, 0, 0, 0, 0, 0),
(261, 32, '이호', 3, 3, 0, 0, 0, 0, 0, 0, 0, 0, 2, 0, 0, 0, 0, 1),
(262, 32, '박천호', 3, 3, 1, 2, 2, 1, 1, 0, 0, 0, 0, 0, 0, 0, 0, 1),
(263, 32, '김동윤', 3, 3, 2, 0, 1, 1, 0, 0, 0, 0, 0, 0, 0, 0, 1, 1),
(264, 32, '김동원', 3, 3, 1, 1, 2, 1, 1, 0, 0, 0, 0, 0, 0, 0, 0, 0),
(265, 32, '정진', 3, 3, 0, 0, 0, 0, 0, 0, 0, 0, 1, 0, 0, 0, 0, 0),
(266, 32, '김지형', 2, 1, 1, 0, 0, 0, 0, 0, 0, 1, 1, 0, 0, 0, 0, 0),
(267, 32, '김우환', 2, 2, 1, 0, 0, 0, 0, 0, 0, 0, 1, 0, 0, 0, 1, 0),
(268, 32, '박전석', 2, 2, 1, 0, 2, 2, 0, 0, 0, 0, 0, 0, 0, 0, 0, 0),
(269, 33, '김명준', 4, 4, 3, 4, 3, 3, 0, 0, 0, 1, 0, 0, 0, 0, 1, 0),
(270, 33, '김동현', 4, 4, 3, 1, 2, 1, 1, 0, 0, 1, 0, 0, 0, 0, 0, 0),
(271, 33, '문원교', 4, 4, 3, 3, 3, 3, 0, 0, 0, 0, 1, 0, 0, 0, 0, 0),
(272, 33, '김범식', 0, 0, 0, 0, 0, 0, 0, 0, 0, 0, 0, 0, 0, 0, 0, 0),
(273, 33, '최동순', 3, 3, 4, 2, 3, 3, 0, 0, 0, 0, 0, 0, 0, 0, 0, 0),
(274, 33, '김정석', 3, 2, 3, 1, 0, 0, 0, 0, 0, 1, 0, 0, 0, 0, 0, 0),
(275, 33, '홍석승', 0, 0, 0, 0, 0, 0, 0, 0, 0, 0, 0, 0, 0, 0, 0, 0),
(276, 33, '주현호', 3, 3, 3, 2, 2, 2, 0, 0, 0, 0, 1, 0, 0, 0, 0, 0),
(277, 33, '박준범', 3, 2, 4, 5, 2, 2, 0, 0, 0, 1, 0, 0, 0, 0, 0, 0),
(278, 33, '유형석', 3, 3, 4, 7, 3, 1, 2, 0, 0, 0, 0, 0, 0, 0, 0, 0),
(279, 33, '최광욱', 3, 3, 3, 1, 0, 0, 0, 0, 0, 0, 0, 0, 0, 0, 1, 1),
(280, 34, '박병석', 2, 2, 0, 0, 0, 0, 0, 0, 0, 0, 0, 0, 0, 0, 0, 2),
(281, 34, '최성락', 2, 1, 0, 0, 0, 0, 0, 0, 0, 1, 1, 0, 0, 0, 0, 0),
(282, 34, '김건희', 2, 1, 0, 0, 0, 0, 0, 0, 0, 1, 0, 0, 0, 0, 1, 0),
(283, 34, '최경호', 2, 2, 1, 0, 0, 0, 0, 0, 0, 1, 0, 0, 0, 0, 1, 0),
(284, 34, '최문규', 1, 1, 0, 0, 0, 0, 0, 0, 0, 0, 1, 0, 0, 0, 0, 0),
(285, 34, '유환수', 1, 0, 0, 0, 0, 0, 0, 0, 0, 1, 0, 0, 0, 0, 0, 0),
(286, 34, '정인욱', 1, 1, 0, 1, 0, 0, 0, 0, 0, 0, 0, 0, 0, 0, 0, 0),
(287, 34, '최강현', 1, 1, 0, 0, 0, 0, 0, 0, 0, 0, 1, 0, 0, 0, 0, 0),
(288, 34, '신수용', 1, 1, 0, 0, 0, 0, 0, 0, 0, 0, 1, 0, 0, 0, 0, 0),
(289, 37, '전병익', 4, 4, 1, 0, 0, 0, 0, 0, 0, 0, 2, 0, 0, 0, 0, 0),
(290, 37, '윤재천', 3, 2, 0, 0, 0, 0, 0, 0, 0, 1, 2, 0, 0, 0, 0, 0),
(291, 37, '이겨레', 3, 3, 1, 2, 1, 0, 1, 0, 0, 0, 1, 0, 0, 0, 1, 0),
(292, 37, '유주태', 3, 2, 0, 0, 0, 0, 0, 0, 0, 1, 1, 0, 0, 0, 1, 0),
(293, 37, '박승환', 3, 3, 2, 1, 2, 2, 0, 0, 0, 0, 1, 0, 0, 0, 0, 0),
(294, 37, '임성훈', 3, 3, 0, 0, 1, 0, 0, 0, 0, 0, 0, 0, 0, 0, 0, 2),
(295, 37, '박주형', 3, 3, 0, 1, 1, 0, 1, 0, 0, 0, 1, 0, 0, 0, 1, 0),
(296, 37, '홍준의', 3, 1, 0, 1, 0, 0, 0, 0, 0, 2, 1, 0, 0, 0, 0, 0),
(297, 37, '정현수', 3, 2, 0, 0, 0, 0, 0, 0, 0, 0, 1, 0, 0, 0, 2, 0),
(298, 38, '신진범', 4, 3, 1, 0, 0, 0, 0, 0, 0, 1, 1, 1, 0, 0, 1, 1),
(299, 38, '김우석', 4, 4, 0, 0, 0, 0, 0, 0, 0, 0, 1, 0, 0, 0, 2, 1),
(300, 38, '김세훈', 3, 3, 1, 1, 3, 2, 1, 0, 0, 0, 0, 0, 0, 0, 0, 0),
(301, 38, '안수한', 3, 3, 0, 0, 1, 1, 0, 0, 0, 0, 0, 1, 0, 0, 1, 0),
(302, 38, '오용민', 3, 2, 0, 0, 1, 1, 0, 0, 0, 1, 0, 0, 0, 0, 1, 0),
(303, 38, '전경훈', 3, 2, 1, 1, 1, 0, 1, 0, 0, 1, 0, 1, 0, 0, 1, 0),
(304, 38, '강기철', 3, 2, 0, 0, 0, 0, 0, 0, 0, 1, 0, 0, 0, 0, 0, 1),
(305, 38, '나의석', 2, 2, 1, 1, 0, 0, 0, 0, 0, 0, 0, 0, 0, 0, 2, 0),
(306, 38, '야나기와 타카유키', 1, 1, 1, 0, 0, 0, 0, 0, 0, 0, 0, 1, 0, 0, 1, 0),
(307, 38, '박종주', 2, 2, 1, 0, 1, 1, 0, 0, 0, 0, 0, 0, 0, 0, 1, 0),
(308, 38, '조승표', 0, 0, 0, 0, 0, 0, 0, 0, 0, 0, 0, 0, 0, 0, 0, 0),
(309, 38, '서준혁', 1, 1, 0, 0, 0, 0, 0, 0, 0, 0, 0, 0, 0, 0, 1, 0),
(310, 39, '홍석승', 2, 2, 0, 0, 1, 1, 0, 0, 0, 0, 1, 0, 0, 0, 0, 0),
(311, 39, '인기철', 2, 0, 0, 0, 0, 0, 0, 0, 0, 0, 2, 0, 0, 0, 0, 0),
(312, 39, '김동현', 2, 2, 0, 0, 1, 1, 0, 0, 0, 0, 1, 0, 0, 0, 0, 0),
(313, 39, '최동순', 2, 2, 0, 0, 0, 0, 0, 0, 0, 0, 1, 0, 0, 0, 1, 0),
(314, 39, '문원교', 2, 1, 0, 0, 0, 0, 0, 0, 0, 1, 1, 0, 0, 0, 0, 0),
(315, 39, '유형석', 1, 1, 0, 0, 0, 0, 0, 0, 0, 0, 1, 0, 0, 0, 0, 0),
(316, 39, '박우열', 1, 1, 0, 0, 0, 0, 0, 0, 0, 0, 1, 0, 0, 0, 0, 0),
(317, 39, '최광욱', 1, 1, 0, 0, 0, 0, 0, 0, 0, 0, 1, 0, 0, 0, 0, 0),
(318, 39, '서동익', 1, 1, 0, 0, 0, 0, 0, 0, 0, 0, 1, 0, 0, 0, 0, 0),
(319, 40, '야나기와 타카유키', 3, 3, 3, 1, 2, 2, 0, 0, 0, 0, 0, 3, 0, 0, 1, 0),
(320, 40, '서준혁', 3, 1, 1, 1, 0, 0, 0, 0, 0, 1, 1, 0, 0, 1, 0, 0),
(321, 40, '김세훈', 3, 3, 2, 4, 2, 1, 1, 0, 0, 0, 0, 1, 0, 0, 1, 0),
(322, 40, '안수한', 3, 2, 2, 0, 1, 0, 1, 0, 0, 1, 0, 2, 0, 0, 1, 0),
(323, 40, '김우석', 3, 2, 1, 1, 1, 0, 1, 0, 0, 1, 0, 0, 0, 0, 0, 1),
(324, 40, '전경훈', 3, 3, 1, 1, 1, 1, 0, 0, 0, 0, 0, 0, 0, 0, 2, 0),
(325, 40, '오용민', 3, 3, 1, 0, 0, 0, 0, 0, 0, 0, 0, 1, 0, 0, 3, 0),
(326, 40, '조승표', 2, 2, 0, 0, 0, 0, 0, 0, 0, 0, 0, 0, 0, 0, 0, 2),
(327, 40, '홍대정', 1, 1, 0, 1, 1, 1, 0, 0, 0, 0, 0, 0, 0, 0, 0, 0),
(328, 40, '장다솔', 3, 3, 2, 0, 1, 1, 0, 0, 0, 0, 0, 1, 0, 0, 1, 0),
(329, 41, '김명찬', 0, 0, 0, 0, 0, 0, 0, 0, 0, 0, 0, 0, 0, 0, 0, 0),
(330, 42, '김명찬', 0, 0, 0, 0, 0, 0, 0, 0, 0, 0, 0, 0, 0, 0, 0, 0),
(331, 43, '김명찬', 0, 0, 0, 0, 0, 0, 0, 0, 0, 0, 0, 0, 0, 0, 0, 0),
(332, 44, '김명찬', 0, 0, 0, 0, 0, 0, 0, 0, 0, 0, 0, 0, 0, 0, 0, 0),
(333, 45, '김명찬', 0, 0, 0, 0, 0, 0, 0, 0, 0, 0, 0, 0, 0, 0, 0, 0),
(334, 46, '김명찬', 0, 0, 0, 0, 0, 0, 0, 0, 0, 0, 0, 0, 0, 0, 0, 0),
(335, 47, '김명찬', 0, 0, 0, 0, 0, 0, 0, 0, 0, 0, 0, 0, 0, 0, 0, 0),
(336, 48, '김명찬', 0, 0, 0, 0, 0, 0, 0, 0, 0, 0, 0, 0, 0, 0, 0, 0),
(337, 49, '김명찬', 0, 0, 0, 0, 0, 0, 0, 0, 0, 0, 0, 0, 0, 0, 0, 0),
(338, 50, '김명찬', 0, 0, 0, 0, 0, 0, 0, 0, 0, 0, 0, 0, 0, 0, 0, 0),
(339, 51, '김명찬', 0, 0, 0, 0, 0, 0, 0, 0, 0, 0, 0, 0, 0, 0, 0, 0),
(340, 52, '김명찬', 0, 0, 0, 0, 0, 0, 0, 0, 0, 0, 0, 0, 0, 0, 0, 0),
(341, 53, '김명찬', 0, 0, 0, 0, 0, 0, 0, 0, 0, 0, 0, 0, 0, 0, 0, 0),
(342, 54, '김명찬', 0, 0, 0, 0, 0, 0, 0, 0, 0, 0, 0, 0, 0, 0, 0, 0),
(343, 55, '김명찬', 0, 0, 0, 0, 0, 0, 0, 0, 0, 0, 0, 0, 0, 0, 0, 0),
(344, 56, '김명찬', 0, 0, 0, 0, 0, 0, 0, 0, 0, 0, 0, 0, 0, 0, 0, 0),
(345, 57, '김명찬', 0, 0, 0, 0, 0, 0, 0, 0, 0, 0, 0, 0, 0, 0, 0, 0),
(346, 58, '김명찬', 0, 0, 0, 0, 0, 0, 0, 0, 0, 0, 0, 0, 0, 0, 0, 0),
(347, 59, '김명찬', 0, 0, 0, 0, 0, 0, 0, 0, 0, 0, 0, 0, 0, 0, 0, 0),
(348, 60, '김명찬', 0, 0, 0, 0, 0, 0, 0, 0, 0, 0, 0, 0, 0, 0, 0, 0),
(349, 61, '김명찬', 0, 0, 0, 0, 0, 0, 0, 0, 0, 0, 0, 0, 0, 0, 0, 0),
(350, 62, '김명찬', 0, 0, 0, 0, 0, 0, 0, 0, 0, 0, 0, 0, 0, 0, 0, 0),
(351, 63, '김명찬', 0, 0, 0, 0, 0, 0, 0, 0, 0, 0, 0, 0, 0, 0, 0, 0),
(352, 64, '김명찬', 0, 0, 0, 0, 0, 0, 0, 0, 0, 0, 0, 0, 0, 0, 0, 0),
(353, 65, '김명찬', 0, 0, 0, 0, 0, 0, 0, 0, 0, 0, 0, 0, 0, 0, 0, 0),
(354, 66, '김명찬', 0, 0, 0, 0, 0, 0, 0, 0, 0, 0, 0, 0, 0, 0, 0, 0),
(355, 67, '김명찬', 0, 0, 0, 0, 0, 0, 0, 0, 0, 0, 0, 0, 0, 0, 0, 0),
(356, 68, '김명찬', 0, 0, 0, 0, 0, 0, 0, 0, 0, 0, 0, 0, 0, 0, 0, 0),
(357, 69, '김명찬', 0, 0, 0, 0, 0, 0, 0, 0, 0, 0, 0, 0, 0, 0, 0, 0),
(358, 70, '김명찬', 0, 0, 0, 0, 0, 0, 0, 0, 0, 0, 0, 0, 0, 0, 0, 0),
(359, 71, '김명찬', 0, 0, 0, 0, 0, 0, 0, 0, 0, 0, 0, 0, 0, 0, 0, 0),
(360, 72, '김명찬', 0, 0, 0, 0, 0, 0, 0, 0, 0, 0, 0, 0, 0, 0, 0, 0),
(361, 73, '김명찬', 0, 0, 0, 0, 0, 0, 0, 0, 0, 0, 0, 0, 0, 0, 0, 0),
(362, 74, '김명찬', 0, 0, 0, 0, 0, 0, 0, 0, 0, 0, 0, 0, 0, 0, 0, 0),
(363, 75, '김명찬', 0, 0, 0, 0, 0, 0, 0, 0, 0, 0, 0, 0, 0, 0, 0, 0),
(364, 76, '김명찬', 0, 0, 0, 0, 0, 0, 0, 0, 0, 0, 0, 0, 0, 0, 0, 0),
(365, 77, '김명찬', 0, 0, 0, 0, 0, 0, 0, 0, 0, 0, 0, 0, 0, 0, 0, 0),
(366, 78, '김명찬', 0, 0, 0, 0, 0, 0, 0, 0, 0, 0, 0, 0, 0, 0, 0, 0),
(367, 79, '김명찬', 0, 0, 0, 0, 0, 0, 0, 0, 0, 0, 0, 0, 0, 0, 0, 0),
(368, 80, '김명찬', 0, 0, 0, 0, 0, 0, 0, 0, 0, 0, 0, 0, 0, 0, 0, 0),
(369, 81, '김명찬', 0, 0, 0, 0, 0, 0, 0, 0, 0, 0, 0, 0, 0, 0, 0, 0),
(370, 82, '김명찬', 0, 0, 0, 0, 0, 0, 0, 0, 0, 0, 0, 0, 0, 0, 0, 0),
(371, 83, '김명찬', 0, 0, 0, 0, 0, 0, 0, 0, 0, 0, 0, 0, 0, 0, 0, 0),
(372, 84, '김명찬', 0, 0, 0, 0, 0, 0, 0, 0, 0, 0, 0, 0, 0, 0, 0, 0);

-- --------------------------------------------------------

--
-- 테이블 구조 `gamelist`
--

CREATE TABLE IF NOT EXISTS `gamelist` (
  `game_no` int(11) NOT NULL AUTO_INCREMENT,
  `game_time` date DEFAULT NULL,
  `team_no` tinyint(3) unsigned NOT NULL,
  `초말` varchar(4) DEFAULT '말',
  `vsteam` varchar(20) DEFAULT NULL,
  `season` int(11) NOT NULL DEFAULT '2011',
  `league` tinyint(4) NOT NULL DEFAULT '0',
  `result` varchar(3) DEFAULT NULL,
  `득점` int(11) DEFAULT NULL,
  `실점` int(11) DEFAULT NULL,
  PRIMARY KEY (`game_no`)
) ENGINE=MyISAM  DEFAULT CHARSET=euckr AUTO_INCREMENT=85 ;

--
-- 테이블의 덤프 데이터 `gamelist`
--

INSERT INTO `gamelist` (`game_no`, `game_time`, `team_no`, `초말`, `vsteam`, `season`, `league`, `result`, `득점`, `실점`) VALUES
(1, '2010-01-16', 1, '말', '언더독', 2010, 0, '패', 0, 1),
(2, '2010-01-24', 1, '말', '언더독', 2010, 0, '패', 4, 8),
(3, '2010-02-20', 1, '말', 'Bullets', 2010, 0, '무', 0, 0),
(4, '2010-02-28', 1, '말', '올베', 2010, 0, '패', 0, 1),
(5, '2010-03-13', 1, '말', 'Bullets', 2010, 0, '무', 2, 2),
(6, '2010-03-13', 1, '말', '루키즈', 2010, 1, '패', 7, 9),
(7, '2010-03-27', 1, '말', 'Bullets', 2010, 1, '패', 6, 15),
(8, '2010-04-03', 1, '말', '언더독', 2010, 1, '승', 12, 11),
(9, '2010-04-10', 1, '말', 'MBCtalent', 2010, 2, '패', 6, 11),
(10, '2010-04-17', 1, '말', '레전드', 2010, 0, '패', 10, 14),
(11, '2010-04-24', 1, '말', 'gs타임즈', 2010, 2, '승', 7, 5),
(12, '2010-05-08', 1, '말', 'D-Train', 2010, 2, '패', 4, 11),
(13, '2010-05-15', 1, '말', 'cvilians', 2010, 1, '패', 7, 10),
(14, '2010-05-22', 1, '말', 'ACEbraves', 2010, 2, '패', 2, 14),
(15, '2010-06-05', 1, '말', '디독스', 2010, 1, '승', 9, 8),
(16, '2010-06-26', 1, '말', 'Bullets', 2010, 0, '패', 3, 15),
(17, '2010-07-10', 1, '말', '러쉬', 2010, 2, '패', 6, 11),
(18, '2010-08-28', 1, '말', 'Aesq', 2010, 1, '승', 24, 9),
(19, '2010-06-03', 1, '말', '불새', 2010, 0, '패', 3, 7),
(20, '2010-09-25', 1, '말', 'D-Train', 2010, 2, '패', 3, 10),
(21, '2010-09-25', 1, '말', 'ACEbraves', 2010, 2, '패', 7, 8),
(22, '2010-10-23', 1, '말', '레전드', 2010, 2, '패', 8, 10),
(23, '2010-11-06', 1, '말', 'MBCtalent', 2010, 2, '승', 12, 8),
(24, '2010-12-11', 1, '말', '러쉬', 2010, 2, '패', 8, 15),
(25, '2011-02-26', 1, '말', 'gs타임즈', 2010, 2, '패', 10, 17),
(26, '2011-02-26', 1, '말', '레전드', 2010, 2, '패', 11, 13),
(27, '2010-10-02', 1, '말', '아슬아슬', 2010, 2, '패', 11, 12),
(28, '2010-10-30', 1, '말', '디독스', 2010, 2, '패', 4, 15),
(29, '2011-02-26', 7, '말', 'Bullets', 2011, 1, '패', 4, 10),
(30, '2011-02-26', 2, '초', '디독스', 2011, 1, '승', 10, 4),
(31, '2011-02-26', 2, '말', 'Civilians', 2011, 1, '무', 7, 7),
(32, '2011-02-26', 4, '초', 'Bullets', 2011, 1, '무', 7, 7),
(33, '2011-03-05', 8, '말', '메트로스', 2011, 1, '승', 18, 0),
(34, '2011-03-05', 3, '초', 'aceball', 2011, 1, '패', 0, 18),
(35, '2011-03-05', 8, '말', '아슬아슬', 2011, 1, '승', 10, 0),
(36, '2011-03-05', 6, '초', 'aceball', 2011, 1, '패', 0, 10),
(37, '2011-03-12', 5, '초', '디독스', 2011, 1, '패', 5, 7),
(38, '2011-03-12', 7, '말', '행당힛츠', 2011, 1, '승', 7, 5),
(39, '2011-03-12', 8, '초', '디독스', 2011, 1, '패', 2, 9),
(40, '2011-03-12', 7, '말', 'aceball', 2011, 1, '승', 9, 2),
(41, '2011-03-19', 3, '말', 'Bullets', 2011, 1, NULL, 0, 0),
(42, '2011-03-19', 2, '초', '메트로스', 2011, 1, NULL, 0, 0),
(43, '2011-03-19', 3, '말', '디독스', 2011, 1, NULL, 0, 0),
(44, '2011-03-19', 7, '초', '메트로스', 2011, 1, NULL, 0, 0),
(45, '2011-03-26', 1, '말', 'aceball', 2011, 1, NULL, 0, 0),
(46, '2011-03-26', 8, '초', '짤야마유나이티드', 2011, 1, NULL, 0, 0),
(47, '2011-03-26', 1, '말', '아슬아슬', 2011, 1, NULL, 0, 0),
(48, '2011-03-26', 6, '초', '짤야마유나이티드', 2011, 1, NULL, 0, 0),
(49, '2011-04-02', 4, '말', '디독스', 2011, 1, NULL, 0, 0),
(50, '2011-04-02', 7, '초', 'civilans', 2011, 1, NULL, 0, 0),
(51, '2011-04-02', 4, '말', '메트로스', 2011, 1, NULL, 0, 0),
(52, '2011-04-02', 3, '말', 'civilians', 2011, 1, NULL, 0, 0),
(53, '2011-04-09', 6, '말', '행당힛츠', 2011, 1, NULL, 0, 0),
(54, '2011-04-09', 5, '초', '아슬아슬', 2011, 1, NULL, 0, 0),
(55, '2011-04-09', 6, '말', '디독스', 2011, 1, NULL, 0, 0),
(56, '2011-04-09', 7, '초', '아슬아슬', 2011, 1, NULL, 0, 0),
(57, '2011-04-23', 5, '말', '짤야마유나이티드', 2011, 1, NULL, 0, 0),
(58, '2011-04-23', 1, '초', '행당힛츠', 2011, 1, NULL, 0, 0),
(59, '2011-04-23', 5, '말', 'civilians', 2011, 1, NULL, 0, 0),
(60, '2011-04-23', 4, '초', '행당힛츠', 2011, 1, NULL, 0, 0),
(61, '2011-04-30', 4, '말', '아슬아슬', 2011, 1, NULL, 0, 0),
(62, '2011-04-30', 6, '초', 'civilians', 2011, 1, NULL, 0, 0),
(63, '2011-04-30', 4, '말', '짤야마유나이티드', 2011, 1, NULL, 0, 0),
(64, '2011-04-30', 1, '초', 'civilians', 2011, 1, NULL, 0, 0),
(65, '2011-05-07', 5, '말', 'aceball', 2011, 1, NULL, 0, 0),
(66, '2011-05-07', 8, '초', '행당힛츠', 2011, 1, NULL, 0, 0),
(67, '2011-05-07', 5, '말', 'Bullets', 2011, 1, NULL, 0, 0),
(68, '2011-05-07', 2, '초', '행당힛츠', 2011, 1, NULL, 0, 0),
(69, '2011-05-14', 3, '말', '짤야마유나이티드', 2011, 1, NULL, 0, 0),
(70, '2011-05-14', 1, '초', '메트로스', 2011, 1, NULL, 0, 0),
(71, '2011-05-14', 3, '말', '행당힛츠', 2011, 1, NULL, 0, 0),
(72, '2011-05-14', 5, '초', '메트로스', 2011, 1, NULL, 0, 0),
(73, '2011-05-21', 2, '말', '아슬아슬', 2011, 1, NULL, 0, 0),
(74, '2011-05-21', 6, '초', 'Bullets', 2011, 1, NULL, 0, 0),
(75, '2011-05-21', 2, '말', 'aceball', 2011, 1, NULL, 0, 0),
(76, '2011-05-21', 8, '초', 'Bullets', 2011, 1, NULL, 0, 0),
(77, '2011-05-28', 1, '말', '디독스', 2011, 1, NULL, 0, 0),
(78, '2011-05-28', 7, '초', '짤야마유나이티드', 2011, 1, NULL, 0, 0),
(79, '2011-05-28', 1, '말', 'Bullets', 2011, 1, NULL, 0, 0),
(80, '2011-05-28', 2, '초', '짤야마유나이티드', 2011, 1, NULL, 0, 0),
(81, '2011-06-04', 8, '말', 'civilians', 2011, 1, NULL, 0, 0),
(82, '2011-06-04', 4, '초', 'aceball', 2011, 1, NULL, 0, 0),
(83, '2011-06-04', 6, '말', '메트로스', 2011, 1, NULL, 0, 0),
(84, '2011-06-04', 3, '초', '아슬아슬', 2011, 1, NULL, 0, 0);

-- --------------------------------------------------------

--
-- 테이블 구조 `team`
--

CREATE TABLE IF NOT EXISTS `team` (
  `team_no` int(11) NOT NULL AUTO_INCREMENT,
  `team_name` varchar(20) NOT NULL,
  `coach` varchar(10) NOT NULL,
  `tel` varchar(20) DEFAULT NULL,
  PRIMARY KEY (`team_no`)
) ENGINE=MyISAM  DEFAULT CHARSET=euckr AUTO_INCREMENT=20 ;

--
-- 테이블의 덤프 데이터 `team`
--

INSERT INTO `team` (`team_no`, `team_name`, `coach`, `tel`) VALUES
(1, '짤야마유나이티드', '박정우', NULL),
(2, 'Bullets', '유재석', '010-3683-0608'),
(3, '메트로스', '최성락', NULL),
(4, 'Cvilians', '정진', NULL),
(5, '행당힛츠', '박승환', NULL),
(6, '아슬아슬', '김성수', NULL),
(7, '디독스', '서준혁', NULL),
(8, 'aceball', '최동순', NULL),
(10, '루키즈', '김명찬', NULL),
(11, 'MBCtalent', '김명찬', NULL),
(12, '레전드', '김명찬', NULL),
(13, 'D-train', '김명찬', NULL),
(14, 'GS타임즈', '김명찬', NULL),
(15, '기타', '김명찬', NULL),
(16, 'Aesq', '김명찬', NULL),
(17, 'AceBraves', '김명찬', NULL),
(18, '불새', '김명찬', NULL),
(19, '러쉬', '김명찬', NULL);
