CREATE DATABASE  IF NOT EXISTS `old_mybaseball` /*!40100 DEFAULT CHARACTER SET utf8 */;
USE `old_mybaseball`;
-- MySQL dump 10.13  Distrib 5.6.24, for Win64 (x86_64)
--
-- Host: localhost    Database: old_mybaseball
-- ------------------------------------------------------
-- Server version	5.6.27-log

/*!40101 SET @OLD_CHARACTER_SET_CLIENT=@@CHARACTER_SET_CLIENT */;
/*!40101 SET @OLD_CHARACTER_SET_RESULTS=@@CHARACTER_SET_RESULTS */;
/*!40101 SET @OLD_COLLATION_CONNECTION=@@COLLATION_CONNECTION */;
/*!40101 SET NAMES utf8 */;
/*!40103 SET @OLD_TIME_ZONE=@@TIME_ZONE */;
/*!40103 SET TIME_ZONE='+00:00' */;
/*!40014 SET @OLD_UNIQUE_CHECKS=@@UNIQUE_CHECKS, UNIQUE_CHECKS=0 */;
/*!40014 SET @OLD_FOREIGN_KEY_CHECKS=@@FOREIGN_KEY_CHECKS, FOREIGN_KEY_CHECKS=0 */;
/*!40101 SET @OLD_SQL_MODE=@@SQL_MODE, SQL_MODE='NO_AUTO_VALUE_ON_ZERO' */;
/*!40111 SET @OLD_SQL_NOTES=@@SQL_NOTES, SQL_NOTES=0 */;

--
-- Table structure for table `game`
--

DROP TABLE IF EXISTS `game`;
/*!40101 SET @saved_cs_client     = @@character_set_client */;
/*!40101 SET character_set_client = utf8 */;
CREATE TABLE `game` (
  `타석번호` int(11) NOT NULL AUTO_INCREMENT,
  `팀명` varchar(10) NOT NULL DEFAULT '기타',
  `game_no` int(11) NOT NULL,
  `name` varchar(9) NOT NULL DEFAULT '익명',
  `등번호` tinyint(4) DEFAULT NULL,
  `타석` tinyint(4) NOT NULL DEFAULT '0',
  `타수` tinyint(4) NOT NULL DEFAULT '0',
  `득점` tinyint(4) NOT NULL DEFAULT '0',
  `타점` tinyint(4) NOT NULL DEFAULT '0',
  `안타` tinyint(4) NOT NULL DEFAULT '0',
  `1루타` tinyint(4) NOT NULL DEFAULT '0',
  `2루타` tinyint(4) NOT NULL DEFAULT '0',
  `3루타` tinyint(4) NOT NULL DEFAULT '0',
  `홈런` tinyint(4) NOT NULL DEFAULT '0',
  `4구` tinyint(4) NOT NULL DEFAULT '0',
  `사구` tinyint(4) NOT NULL DEFAULT '0',
  `삼진` tinyint(4) NOT NULL DEFAULT '0',
  `도루` tinyint(4) NOT NULL DEFAULT '0',
  `희타` tinyint(4) NOT NULL DEFAULT '0',
  `희비` tinyint(4) NOT NULL DEFAULT '0',
  `땅볼` tinyint(4) NOT NULL DEFAULT '0',
  `뜬공` tinyint(4) NOT NULL DEFAULT '0',
  `자살` tinyint(4) NOT NULL DEFAULT '0',
  `보살` tinyint(4) NOT NULL DEFAULT '0',
  `실책` tinyint(4) NOT NULL DEFAULT '0',
  PRIMARY KEY (`타석번호`)
) ENGINE=MyISAM AUTO_INCREMENT=807 DEFAULT CHARSET=euckr;
/*!40101 SET character_set_client = @saved_cs_client */;

--
-- Dumping data for table `game`
--

LOCK TABLES `game` WRITE;
/*!40000 ALTER TABLE `game` DISABLE KEYS */;
INSERT INTO `game` VALUES (1,'짤유',1,'이경준',NULL,2,0,2,0,0,0,0,0,0,2,0,0,0,0,0,0,0,0,0,0),(2,'짤유',1,'조원준',NULL,4,4,1,2,1,1,0,0,0,0,0,0,0,0,0,0,0,0,0,0),(3,'짤유',1,'남진훈',NULL,4,4,1,2,2,1,1,0,0,0,0,2,0,0,0,0,0,0,0,0),(4,'짤유',1,'서준상',NULL,4,3,0,0,0,0,0,0,0,1,0,0,0,0,0,0,0,0,0,0),(5,'짤유',1,'박정우',NULL,4,3,2,0,2,0,2,0,0,1,0,0,0,0,0,0,0,0,0,0),(6,'짤유',1,'이철민',NULL,4,4,0,1,1,1,0,0,0,0,0,0,0,0,0,0,0,0,0,0),(7,'짤유',1,'김윤성',NULL,4,3,2,0,1,1,0,0,0,0,0,2,0,0,0,0,0,0,0,0),(8,'짤유',1,'여현철',NULL,1,0,2,0,0,0,0,0,0,1,0,0,0,0,0,0,0,0,0,0),(9,'짤유',1,'최목',NULL,3,3,0,0,0,0,0,0,0,0,0,1,0,0,0,0,0,0,0,0),(10,'짤유',1,'김무건',NULL,3,3,2,1,2,1,1,0,0,0,0,0,0,0,0,0,0,0,0,0),(11,'짤유',1,'김재현',NULL,2,1,0,0,1,1,0,0,0,1,0,0,0,0,0,0,0,0,0,0),(12,'짤유',1,'김명찬',NULL,1,1,0,0,0,0,0,0,0,0,0,1,0,0,0,0,0,0,0,0),(13,'짤유',1,'변인우',NULL,1,1,0,0,0,0,0,0,0,0,0,1,0,0,0,0,0,0,0,0),(14,'짤유',2,'이정룡',NULL,4,4,2,0,2,0,2,0,0,0,0,1,0,0,0,0,0,0,0,0),(15,'짤유',2,'남진훈',NULL,3,1,1,1,0,0,0,0,0,2,0,0,0,1,0,0,0,0,0,0),(16,'짤유',2,'김무건',NULL,3,2,0,2,2,2,0,0,0,1,0,0,1,0,0,0,0,0,0,0),(17,'짤유',2,'김명찬',NULL,3,1,0,0,0,0,0,0,0,2,0,0,0,1,0,0,0,0,0,0),(18,'짤유',2,'김윤성',NULL,3,0,0,1,0,0,0,0,0,3,0,0,0,0,0,0,0,0,0,0),(19,'짤유',2,'김재현',NULL,3,3,0,0,0,0,0,0,0,0,0,3,0,0,0,0,0,0,0,0),(20,'짤유',2,'김형욱',NULL,3,3,0,0,0,0,0,0,0,0,0,0,0,0,0,0,0,0,0,0),(21,'짤유',2,'최목',NULL,3,3,0,0,1,1,0,0,0,0,0,1,0,0,0,1,0,0,0,0),(22,'짤유',2,'변인우',NULL,3,1,1,0,0,0,0,0,0,2,0,0,0,0,0,0,0,0,0,0),(23,'짤유',3,'조원준',NULL,4,3,3,1,3,2,1,0,0,1,0,0,1,0,0,0,0,0,0,0),(24,'짤유',3,'남진훈',NULL,4,4,1,0,0,0,0,0,0,0,0,1,0,0,0,1,1,0,0,0),(25,'짤유',3,'김무건',NULL,4,3,3,2,3,2,1,0,0,0,0,0,2,0,0,0,0,0,0,0),(26,'짤유',3,'서준상',NULL,4,4,1,3,2,2,0,0,0,0,0,0,0,0,0,0,1,0,0,0),(27,'짤유',3,'박정우',NULL,4,3,2,1,2,1,1,0,0,0,0,0,0,0,0,0,1,0,0,0),(28,'짤유',3,'변인우',NULL,3,2,0,1,1,1,0,0,0,0,0,0,0,0,0,0,1,0,0,0),(29,'짤유',3,'이철민',NULL,3,3,2,0,1,1,0,0,0,0,0,0,2,0,0,0,1,0,0,0),(30,'짤유',3,'이경준',NULL,3,1,2,0,1,1,0,0,0,1,0,0,2,0,0,0,0,0,0,0),(31,'짤유',3,'이정룡',NULL,2,2,1,0,1,1,0,0,0,0,0,1,0,0,0,0,0,0,0,0),(32,'짤유',3,'최목',NULL,1,1,1,0,1,1,0,0,0,0,0,0,0,0,0,0,0,0,0,0),(33,'짤유',4,'손영석',NULL,4,2,2,0,1,1,0,0,0,1,0,1,2,0,0,0,0,0,0,0),(34,'짤유',4,'김무건',NULL,4,1,2,0,0,0,0,0,0,3,0,1,2,0,0,0,0,0,0,0),(35,'짤유',4,'서준상',NULL,4,3,2,3,2,2,0,0,0,0,0,0,1,0,0,1,0,0,0,0),(36,'짤유',4,'박정우',NULL,4,3,2,2,2,1,1,0,0,1,0,0,1,0,0,0,1,0,0,0),(37,'짤유',4,'이철민',NULL,4,3,0,1,1,1,0,0,0,1,0,1,0,0,0,1,0,0,0,0),(38,'짤유',4,'김명찬',NULL,3,2,1,1,1,1,0,0,0,1,0,1,1,0,0,0,0,0,0,0),(39,'짤유',4,'김윤성',NULL,3,0,1,1,0,0,0,0,0,2,0,0,1,0,0,0,0,0,0,0),(40,'짤유',4,'최목',NULL,3,3,1,3,2,1,1,0,0,0,0,0,0,0,0,0,0,0,0,0),(41,'짤유',4,'이태엽',NULL,2,1,1,1,1,1,0,0,0,1,0,0,1,0,0,0,0,0,0,0),(42,'짤유',5,'이정룡',NULL,2,1,1,0,0,0,0,0,0,1,0,1,1,0,0,0,0,0,0,0),(43,'짤유',5,'최목',NULL,2,1,0,0,1,1,0,0,0,0,0,1,0,0,0,0,0,0,0,0),(44,'짤유',5,'김명찬',NULL,1,1,1,1,0,0,0,0,0,0,0,0,2,0,0,1,0,0,0,0),(45,'짤유',5,'서준상',NULL,1,1,0,0,0,0,0,0,0,0,0,0,0,0,0,0,0,0,0,0),(46,'짤유',5,'이경준',NULL,1,1,0,1,1,1,0,0,0,0,0,0,0,0,0,0,0,0,0,0),(47,'짤유',5,'여현철',NULL,1,1,0,0,0,0,0,0,0,0,0,1,0,0,0,0,0,0,0,0),(48,'짤유',5,'김무건',NULL,1,1,0,0,1,0,1,0,0,0,0,0,0,0,0,0,0,0,0,0),(49,'짤유',5,'조원준',NULL,1,1,0,0,0,0,0,0,0,0,0,1,0,0,0,0,0,0,0,0),(50,'짤유',5,'이철민',NULL,1,1,0,0,0,0,0,0,0,0,0,0,0,0,0,1,0,0,0,0),(51,'짤유',5,'이태엽',NULL,1,1,0,0,0,0,0,0,0,0,0,1,0,0,0,0,0,0,0,0),(52,'짤유',6,'이정룡',NULL,4,3,1,1,2,2,0,0,0,1,0,0,0,0,0,0,0,0,0,0),(53,'짤유',6,'조원준',NULL,4,3,0,1,1,1,0,0,0,1,0,0,1,0,0,0,0,0,0,0),(54,'짤유',6,'김무건',NULL,4,2,0,1,1,1,0,0,0,2,0,0,0,0,0,0,0,0,0,0),(55,'짤유',6,'박정우',NULL,4,4,1,0,2,2,0,0,0,0,0,0,1,0,0,0,0,0,0,0),(56,'짤유',6,'서준상',NULL,2,2,0,0,0,0,0,0,0,0,0,0,0,0,0,0,0,0,0,0),(57,'짤유',6,'이철민',NULL,4,1,1,0,1,1,0,0,0,3,0,0,0,0,0,0,0,0,0,0),(58,'짤유',6,'김윤성',NULL,4,4,2,0,1,0,1,0,0,0,0,1,0,0,0,0,0,0,0,0),(59,'짤유',6,'최목',NULL,3,3,2,0,3,2,1,0,0,0,0,0,1,0,0,0,0,0,0,0),(60,'짤유',6,'김명찬',NULL,3,3,0,1,1,1,0,0,0,0,0,0,0,0,0,0,0,0,0,0),(61,'짤유',6,'이태엽',NULL,2,1,0,2,0,0,0,0,0,1,0,1,0,0,0,0,0,0,0,0),(62,'짤유',7,'조원준',NULL,3,3,1,0,1,1,0,0,0,0,0,0,1,0,0,2,0,0,0,0),(63,'짤유',7,'이정룡',NULL,3,3,0,0,0,0,0,0,0,0,0,1,0,0,0,2,0,0,0,0),(64,'짤유',7,'김무건',NULL,2,1,2,0,1,0,1,0,0,1,0,0,1,0,0,0,0,0,0,0),(65,'짤유',7,'손영석',NULL,1,1,1,0,0,0,0,0,0,0,0,0,0,0,0,1,0,0,0,0),(66,'짤유',7,'서준상',NULL,3,3,1,0,0,0,0,0,0,0,0,0,1,0,0,1,2,0,0,0),(67,'짤유',7,'최목',NULL,3,2,0,3,1,1,0,0,0,0,0,0,0,0,1,1,0,0,0,0),(68,'짤유',7,'남진훈',NULL,3,3,0,0,0,0,0,0,0,0,0,1,0,0,0,0,2,0,0,0),(69,'짤유',7,'김명찬',NULL,1,1,0,0,0,0,0,0,0,0,0,1,0,0,0,0,0,0,0,0),(70,'짤유',7,'이철민',NULL,2,1,0,0,0,0,0,0,0,1,0,1,0,0,0,0,0,0,0,0),(71,'짤유',7,'변인우',NULL,2,2,1,0,1,1,0,0,0,0,0,1,0,0,0,0,0,0,0,0),(72,'짤유',7,'김윤성',NULL,1,0,0,0,0,0,0,0,0,1,0,0,1,0,0,0,0,0,0,0),(73,'짤유',7,'이태엽',NULL,1,1,0,0,0,0,0,0,0,0,0,1,0,0,0,0,0,0,0,0),(75,'짤유',9,'이정룡',NULL,3,1,2,0,0,0,0,0,0,2,0,0,2,0,0,0,1,0,0,0),(76,'짤유',9,'조원준',NULL,3,3,1,2,1,0,1,0,0,0,0,0,1,0,0,1,0,0,0,0),(77,'짤유',9,'박정우',NULL,3,3,0,0,0,0,0,0,0,0,0,1,0,0,0,1,1,0,0,0),(78,'짤유',9,'이철민',NULL,3,3,2,1,2,1,1,0,0,0,0,1,1,0,0,0,0,0,0,0),(79,'짤유',9,'김무건',NULL,3,2,0,1,1,0,1,0,0,1,0,0,0,0,0,0,1,0,0,0),(80,'짤유',9,'최목',NULL,3,3,0,2,2,2,0,0,0,0,0,0,2,0,0,1,0,0,0,0),(81,'짤유',9,'변인우',NULL,2,1,0,0,0,0,0,0,0,1,0,1,0,0,0,0,0,0,0,0),(82,'짤유',9,'남진훈',NULL,2,2,0,0,1,0,1,0,0,0,0,0,2,0,0,1,0,0,0,0),(83,'짤유',9,'김명찬',NULL,2,2,0,0,0,0,0,0,0,0,0,1,0,0,0,0,1,0,0,0),(84,'짤유',10,'이경준',NULL,3,3,3,0,2,0,2,0,0,0,0,0,2,0,0,1,0,0,0,0),(85,'짤유',10,'이태엽',NULL,3,2,1,0,0,0,0,0,0,1,0,2,1,0,0,1,0,0,0,0),(86,'짤유',10,'변인우',NULL,3,3,0,0,0,0,0,0,0,0,0,2,0,0,0,1,0,0,0,0),(87,'짤유',10,'서준상',NULL,3,2,2,0,1,0,1,0,0,1,0,0,3,0,0,1,0,0,0,0),(88,'짤유',10,'박정우',NULL,3,3,1,2,0,0,0,0,0,0,0,0,1,0,0,1,1,0,0,0),(89,'짤유',10,'김윤성',NULL,3,2,1,0,0,0,0,0,0,1,0,0,4,0,0,1,1,0,0,0),(90,'짤유',10,'이철민',NULL,3,3,0,2,1,0,1,0,0,0,0,2,1,0,0,0,0,0,0,0),(91,'짤유',10,'여현철',NULL,3,2,1,0,0,0,0,0,0,1,0,2,2,0,0,0,1,0,0,0),(92,'짤유',10,'최목',NULL,3,2,2,0,0,0,0,0,0,1,0,0,1,0,0,1,1,0,0,0),(93,'짤유',11,'이정룡',NULL,3,1,1,0,1,1,0,0,0,1,0,0,2,0,0,0,0,0,0,0),(94,'짤유',11,'이경준',NULL,3,3,1,1,1,1,0,0,0,0,0,1,2,0,0,0,1,0,0,0),(95,'짤유',11,'조원준',NULL,3,2,1,0,0,0,0,0,0,1,0,1,0,0,1,2,0,0,0,0),(96,'짤유',11,'이철민',NULL,3,3,1,0,0,0,0,0,0,0,0,1,0,0,0,1,1,0,0,0),(97,'짤유',11,'박정우',NULL,3,3,2,2,1,1,0,0,0,0,0,0,2,0,0,2,0,0,0,0),(98,'짤유',11,'서준상',NULL,3,3,1,1,2,2,0,0,0,1,0,1,1,0,0,0,1,0,0,0),(99,'짤유',11,'김무건',NULL,3,2,0,1,0,0,0,0,0,1,0,1,1,0,0,1,0,0,0,0),(100,'짤유',11,'최목',NULL,3,3,1,2,1,1,0,0,0,0,0,0,1,0,0,2,0,0,0,0),(101,'짤유',11,'김윤성',NULL,2,1,0,1,1,1,0,0,0,0,0,0,1,0,0,0,1,0,0,0),(102,'짤유',12,'김무건',NULL,3,2,0,0,0,0,0,0,0,1,0,0,0,1,1,0,0,0,0,0),(103,'짤유',12,'조원준',NULL,3,2,0,0,0,0,0,0,0,1,0,0,1,1,1,0,0,0,0,0),(104,'짤유',12,'박정우',NULL,3,3,0,0,1,1,0,0,0,0,0,0,1,1,1,0,0,0,0,0),(105,'짤유',12,'최목',NULL,3,3,0,0,2,2,0,0,0,0,0,0,2,1,0,0,0,0,0,0),(106,'짤유',12,'서준상',NULL,3,2,0,0,0,0,0,0,0,1,0,0,2,2,0,0,0,0,0,0),(107,'짤유',12,'이철민',NULL,3,3,0,0,0,0,0,0,0,0,0,0,0,1,2,0,0,0,0,0),(108,'짤유',12,'이경준',NULL,3,2,0,0,0,0,0,0,0,1,0,0,1,2,0,0,0,0,0,0),(109,'짤유',12,'김명찬',NULL,3,1,0,0,0,0,0,0,0,2,0,0,0,1,0,0,0,0,0,0),(110,'짤유',12,'남진훈',NULL,3,3,0,0,0,0,0,0,0,0,0,2,0,1,0,0,0,0,0,0),(111,'짤유',13,'이정룡',NULL,4,2,1,0,0,0,0,0,0,2,0,1,0,0,0,0,1,0,0,0),(112,'짤유',13,'조원준',NULL,4,3,1,0,0,0,0,0,0,1,0,0,1,0,0,2,1,0,0,0),(113,'짤유',13,'김무건',NULL,4,3,2,2,2,2,0,0,0,1,0,0,0,0,0,0,1,0,0,0),(114,'짤유',13,'이철민',NULL,4,4,1,2,2,0,2,0,0,0,0,1,0,0,0,0,1,0,0,0),(115,'짤유',13,'서준상',NULL,3,3,0,2,2,1,1,0,0,0,0,0,0,0,0,1,0,0,0,0),(116,'짤유',13,'최목',NULL,3,3,0,0,0,0,0,0,0,0,0,1,0,0,0,0,2,0,0,0),(117,'짤유',13,'김명찬',NULL,3,3,0,0,0,0,0,0,0,0,0,2,0,0,0,0,0,0,0,0),(118,'짤유',13,'여현철',NULL,2,2,0,0,0,0,0,0,0,0,0,1,1,0,0,1,0,0,0,0),(119,'짤유',13,'김윤성',NULL,3,1,1,0,0,0,0,0,0,2,0,0,0,0,0,1,0,0,0,0),(120,'짤유',13,'박정우',NULL,1,0,1,0,0,0,0,0,0,1,0,0,0,0,0,0,0,0,0,0),(121,'짤유',18,'이정룡',NULL,6,2,4,6,2,1,0,0,1,4,0,0,1,0,0,0,0,0,0,0),(122,'짤유',18,'이경준',NULL,6,3,3,3,3,3,0,0,0,3,0,0,0,0,0,0,0,0,0,0),(123,'짤유',18,'박정우',NULL,6,6,3,3,2,1,1,0,0,0,0,0,0,0,0,2,1,0,0,0),(124,'짤유',18,'이철민',NULL,5,3,2,3,0,0,0,0,0,2,0,0,0,0,0,1,2,0,0,0),(125,'짤유',18,'김무건',NULL,5,4,3,3,2,2,0,0,0,0,0,0,0,0,1,1,1,0,0,0),(126,'짤유',18,'문종열',NULL,5,3,4,1,3,1,2,0,0,2,0,0,3,0,0,0,0,0,0,0),(127,'짤유',18,'김명찬',NULL,5,4,1,2,2,2,0,0,0,1,0,2,0,0,0,0,0,0,0,0),(128,'짤유',18,'남진훈',NULL,5,1,2,2,1,1,0,0,0,3,0,0,1,0,1,0,0,0,0,0),(129,'짤유',18,'문준혁',NULL,5,3,2,0,0,0,0,0,0,2,0,2,0,0,0,1,0,0,0,0),(130,'짤유',15,'김무건',NULL,4,2,3,0,1,1,0,0,0,2,0,0,2,0,0,1,0,0,0,0),(131,'짤유',15,'이경준',NULL,4,2,1,0,0,0,0,0,0,1,0,0,0,0,0,1,2,0,0,0),(132,'짤유',15,'이정룡',NULL,4,3,2,4,1,1,0,0,0,1,0,0,2,0,0,2,0,0,0,0),(133,'짤유',15,'서준상',NULL,4,2,0,1,0,0,0,0,0,2,0,1,1,0,0,1,0,0,0,0),(134,'짤유',15,'최목',NULL,4,3,0,2,2,1,1,0,0,1,0,1,0,0,0,0,0,0,0,0),(135,'짤유',15,'조원준',NULL,4,2,0,0,0,0,0,0,0,2,0,0,0,0,0,2,0,0,0,0),(136,'짤유',15,'문종열',NULL,4,3,0,0,0,0,0,0,0,1,0,1,0,0,0,0,2,0,0,0),(137,'짤유',15,'이철민',NULL,4,3,1,1,1,1,0,0,0,1,0,0,1,0,0,1,1,0,0,0),(138,'짤유',15,'김명찬',NULL,3,2,2,1,2,2,0,0,0,1,0,0,2,0,0,0,0,0,0,0),(139,'짤유',14,'이정룡',NULL,3,2,1,0,0,0,0,0,0,1,0,2,2,0,0,0,0,0,0,0),(140,'짤유',14,'박정우',NULL,2,2,0,0,0,0,0,0,0,0,0,1,0,0,0,0,1,0,0,0),(141,'짤유',14,'최목',NULL,2,0,1,0,0,0,0,0,0,2,0,0,1,0,0,0,0,0,0,0),(142,'짤유',14,'서준상',NULL,2,2,0,2,1,0,1,0,0,0,0,1,0,0,0,0,0,0,0,0),(143,'짤유',14,'이철민',NULL,2,1,0,0,0,0,0,0,0,1,0,1,0,0,0,0,0,0,0,0),(144,'짤유',14,'김무건',NULL,2,1,0,0,0,0,0,0,0,1,0,1,0,0,0,0,0,0,0,0),(145,'짤유',14,'김윤성',NULL,2,2,0,0,0,0,0,0,0,0,0,1,0,0,0,1,0,0,0,0),(146,'짤유',14,'김명찬',NULL,2,1,0,0,0,0,0,0,0,1,0,0,0,0,0,1,0,0,0,0),(147,'짤유',14,'최일준',NULL,2,1,0,0,0,0,0,0,0,1,0,0,0,0,0,1,0,0,0,0),(148,'짤유',17,'이정룡',NULL,3,3,1,1,1,0,1,0,0,0,0,1,0,0,0,1,0,0,0,0),(149,'짤유',17,'문종열',NULL,3,3,1,2,1,0,1,0,0,0,0,1,0,0,0,1,0,0,0,0),(150,'짤유',17,'김무건',NULL,3,3,2,1,2,1,1,0,0,0,0,0,2,0,0,0,0,0,0,0),(151,'짤유',17,'이경준',NULL,3,2,0,1,1,0,1,0,0,1,0,0,2,0,0,0,1,0,0,0),(152,'짤유',17,'김윤성',NULL,3,3,0,0,0,0,0,0,0,0,0,1,0,0,0,2,0,0,0,0),(153,'짤유',17,'김명찬',NULL,3,3,0,0,0,0,0,0,0,0,0,2,0,0,0,1,0,0,0,0),(154,'짤유',17,'윤동현',NULL,2,0,1,0,0,0,0,0,0,2,0,0,1,0,0,0,0,0,0,0),(155,'짤유',17,'이태엽',NULL,2,2,0,0,0,0,0,0,0,0,0,1,0,0,0,1,0,0,0,0),(156,'짤유',17,'최일준',NULL,2,1,1,0,0,0,0,0,0,1,0,1,0,0,0,0,0,0,0,0),(157,'짤유',20,'김무건',NULL,2,1,0,0,0,0,0,0,0,1,0,1,1,0,0,0,0,0,0,0),(158,'짤유',20,'남진훈',NULL,1,1,0,0,0,0,0,0,0,0,0,1,0,0,0,0,0,0,0,0),(159,'짤유',20,'이경준',NULL,3,3,0,0,0,0,0,0,0,0,0,2,0,0,0,1,0,0,0,0),(160,'짤유',20,'박정우',NULL,3,3,0,0,1,1,0,0,0,0,0,1,1,0,0,1,1,0,0,0),(161,'짤유',20,'문종열',NULL,3,3,1,0,1,1,0,0,0,0,0,0,2,0,0,1,0,0,0,0),(162,'짤유',20,'서준상',NULL,3,1,1,0,0,0,0,0,0,2,0,0,1,0,0,1,0,0,0,0),(163,'짤유',20,'최목',NULL,3,3,1,1,2,2,0,0,0,0,0,0,0,0,0,1,0,0,0,0),(164,'짤유',20,'김윤성',NULL,2,1,0,0,0,0,0,0,0,1,0,0,1,0,0,0,0,0,0,0),(165,'짤유',20,'정지훈',NULL,0,0,0,0,0,0,0,0,0,0,0,0,0,0,0,0,0,0,0,0),(166,'짤유',20,'이태엽',NULL,2,2,0,0,0,0,0,0,0,0,0,1,0,0,0,0,0,0,0,0),(167,'짤유',20,'김명찬',NULL,2,2,0,2,1,1,0,0,0,0,0,0,0,0,0,1,0,0,0,0),(168,'짤유',21,'이정룡',NULL,3,3,1,1,1,1,0,0,0,0,0,2,1,0,0,0,0,0,0,0),(169,'짤유',21,'정지훈',NULL,3,1,1,0,0,0,0,0,0,2,0,0,0,0,0,1,0,0,0,0),(170,'짤유',21,'김무건',NULL,3,3,1,2,2,2,0,0,0,0,0,0,2,0,0,1,0,0,0,0),(171,'짤유',21,'서준상',NULL,3,2,1,1,0,0,0,0,0,1,0,1,1,0,0,1,0,0,0,0),(172,'짤유',21,'박정우',NULL,3,1,1,3,0,0,0,0,0,2,0,1,3,0,0,0,0,0,0,0),(173,'짤유',21,'문종열',NULL,3,3,0,0,0,0,0,0,0,0,0,3,0,0,0,0,0,0,0,0),(174,'짤유',21,'김명찬',NULL,2,1,1,0,0,0,0,0,0,1,0,0,0,0,0,1,0,0,0,0),(175,'짤유',21,'최목',NULL,1,1,0,0,0,0,0,0,0,0,0,0,0,0,0,1,0,0,0,0),(176,'짤유',21,'남진훈',NULL,2,1,1,0,0,0,0,0,0,1,0,1,0,0,0,0,0,0,0,0),(177,'짤유',21,'김윤성',NULL,0,0,0,0,0,0,0,0,0,0,0,0,0,0,0,0,0,0,0,0),(178,'짤유',21,'문준혁',NULL,2,2,0,0,0,0,0,0,0,0,0,2,0,0,0,0,0,0,0,0),(179,'짤유',22,'이정룡',NULL,4,4,1,0,1,0,1,0,0,0,0,2,1,0,0,1,0,0,0,0),(180,'짤유',22,'문종열',NULL,3,2,3,0,1,1,0,0,0,1,0,0,3,0,0,0,1,0,0,0),(181,'짤유',22,'이경준',NULL,3,3,2,1,2,1,1,0,0,0,0,0,4,0,0,1,0,0,0,0),(182,'짤유',22,'최목',NULL,3,2,0,1,0,0,0,0,0,1,0,0,0,0,0,1,1,0,0,0),(183,'짤유',22,'김무건',NULL,3,3,2,0,2,1,1,0,0,0,0,0,3,0,0,1,0,0,0,0),(184,'짤유',22,'서준상',NULL,3,3,0,1,0,0,0,0,0,0,0,0,0,0,0,2,1,0,0,0),(185,'짤유',22,'이철민',NULL,3,1,0,0,0,0,0,0,0,2,0,0,3,0,0,1,0,0,0,0),(186,'짤유',22,'최일준',NULL,3,2,0,0,0,0,0,0,0,1,0,1,1,0,0,1,0,0,0,0),(187,'짤유',22,'남진훈',NULL,3,3,0,0,0,0,0,0,0,0,0,1,0,0,0,1,1,0,0,0),(188,'짤유',23,'김무건',NULL,5,3,4,0,0,0,0,0,0,2,0,0,2,0,0,2,0,0,0,0),(189,'짤유',23,'이경준',NULL,5,3,2,1,2,1,1,0,0,2,0,0,0,0,0,0,1,0,0,0),(190,'짤유',23,'박정우',NULL,5,5,1,1,1,1,0,0,0,0,0,0,1,0,0,2,1,0,0,0),(191,'짤유',23,'서준상',NULL,5,4,3,3,2,1,0,1,0,1,0,0,3,0,0,1,0,0,0,0),(192,'짤유',23,'이철민',NULL,4,4,0,2,2,1,1,0,0,0,0,0,0,0,0,0,2,0,0,0),(193,'짤유',23,'김명찬',NULL,4,3,0,1,2,2,0,0,0,1,0,0,2,0,0,1,0,0,0,0),(194,'짤유',23,'남진훈',NULL,4,3,0,1,0,0,0,0,0,1,0,0,1,0,0,0,1,0,0,0),(195,'짤유',23,'최일준',NULL,2,2,0,0,0,0,0,0,0,0,0,2,0,0,0,0,0,0,0,0),(196,'짤유',23,'김윤성',NULL,2,2,0,0,0,0,0,0,0,0,0,2,0,0,0,0,0,0,0,0),(197,'짤유',23,'문준혁',NULL,4,2,2,0,1,1,0,0,0,2,0,1,1,0,0,0,0,0,0,0),(198,'짤유',24,'이정룡',NULL,4,3,1,0,2,2,0,0,0,1,0,0,2,0,0,0,1,0,0,0),(199,'짤유',24,'박정우',NULL,4,3,1,1,0,0,0,0,0,1,0,1,2,0,0,1,0,0,0,0),(200,'짤유',24,'김윤성',NULL,4,3,1,2,1,0,1,0,0,1,0,2,1,0,0,0,0,0,0,0),(201,'짤유',24,'이철민',NULL,3,2,0,0,0,0,0,0,0,1,0,0,0,0,0,2,0,0,0,0),(202,'짤유',24,'김명찬',NULL,3,2,1,0,0,0,0,0,0,1,0,0,3,0,0,2,0,0,0,0),(203,'짤유',24,'남진훈',NULL,3,2,1,1,1,0,0,1,0,1,0,1,1,0,0,0,0,0,0,0),(204,'짤유',24,'여현철',NULL,2,2,0,0,0,0,0,0,0,0,0,1,0,0,0,0,1,0,0,0),(205,'짤유',24,'이경준',NULL,1,1,1,1,1,1,0,0,0,0,0,0,1,0,0,0,0,0,0,0),(206,'짤유',24,'최일준',NULL,3,2,2,0,1,1,0,0,0,1,0,1,2,0,0,0,0,0,0,0),(207,'짤유',24,'김재현',NULL,3,3,0,1,0,0,0,0,0,0,0,2,0,0,0,1,0,0,0,0),(208,'짤유',25,'이정룡',NULL,3,3,2,3,3,1,0,1,1,0,0,0,1,0,0,0,0,0,0,0),(209,'짤유',25,'문종열',NULL,3,2,0,1,0,0,0,0,0,0,0,1,0,0,0,1,1,0,0,0),(210,'짤유',25,'박정우',NULL,3,3,1,0,2,2,0,0,0,0,0,0,2,0,0,0,1,0,0,0),(211,'짤유',25,'문정우',NULL,3,2,0,0,0,0,0,0,0,1,0,1,1,0,0,1,0,0,0,0),(212,'짤유',25,'이호준',NULL,3,2,1,0,0,0,0,0,0,1,0,0,1,0,0,0,2,0,0,0),(213,'짤유',25,'최일준',NULL,3,1,2,0,0,0,0,0,0,2,0,1,0,0,0,0,0,0,0,0),(214,'짤유',25,'김명찬',NULL,2,2,1,1,1,1,0,0,0,0,0,0,0,0,0,0,1,0,0,0),(215,'짤유',25,'여현철',NULL,2,1,2,1,0,0,0,0,0,1,0,0,0,0,0,1,0,0,0,0),(216,'짤유',25,'김우경',NULL,0,0,0,0,0,0,0,0,0,0,0,0,0,0,0,0,0,0,0,0),(217,'짤유',25,'정지훈',NULL,2,1,1,1,0,0,0,0,0,1,0,0,0,0,0,0,1,0,0,0),(218,'짤유',26,'이정룡',NULL,4,3,1,2,1,1,0,0,0,1,0,2,0,0,0,0,0,0,0,0),(219,'짤유',26,'구찬우',NULL,2,1,0,0,0,0,0,0,0,1,0,1,0,0,0,0,0,0,0,0),(220,'짤유',26,'문종열',NULL,4,4,2,1,2,2,0,0,0,0,0,2,1,0,0,0,0,0,0,0),(221,'짤유',26,'박정우',NULL,4,4,2,3,3,2,0,1,0,0,0,0,4,0,0,1,0,0,0,0),(222,'짤유',26,'서준상',NULL,4,2,2,1,2,1,1,0,0,2,0,0,5,0,0,0,0,0,0,0),(223,'짤유',26,'김명찬',NULL,1,1,1,1,0,0,0,0,0,0,0,0,0,0,0,1,0,0,0,0),(224,'짤유',26,'여현철',NULL,3,3,0,0,1,1,0,0,0,0,0,2,0,0,0,0,0,0,0,0),(225,'짤유',26,'이호준',NULL,4,4,1,3,2,2,0,0,0,0,0,1,2,0,0,1,0,0,0,0),(226,'짤유',26,'최일준',NULL,4,3,1,0,0,0,0,0,0,1,0,0,0,0,0,2,1,0,0,0),(227,'짤유',26,'정지훈',NULL,4,4,1,0,1,1,0,0,0,0,0,1,2,0,0,1,1,0,0,0),(228,'짤유',26,'문준혁',NULL,1,1,0,0,0,0,0,0,0,0,0,1,0,0,0,0,0,0,0,0),(229,'디독스',29,'야나기와 타카유키',NULL,3,3,1,0,1,1,0,0,0,0,0,1,1,0,0,0,1,0,0,0),(230,'디독스',29,'서준혁',NULL,2,2,0,0,0,0,0,0,0,0,0,2,0,0,0,0,0,0,0,0),(231,'디독스',29,'오용민',NULL,2,0,0,0,0,0,0,0,0,2,0,0,0,0,0,0,0,0,0,0),(232,'디독스',29,'안수한',NULL,2,1,0,1,1,1,0,0,0,0,0,0,0,0,1,0,0,0,0,0),(233,'디독스',29,'나의석',NULL,2,2,0,0,0,0,0,0,0,0,0,1,0,0,0,0,1,0,0,0),(234,'디독스',29,'강기철',NULL,2,2,0,0,1,1,0,0,0,0,0,0,0,0,0,1,0,0,0,0),(235,'디독스',29,'홍대정',NULL,2,1,0,0,0,0,0,0,0,1,0,0,0,0,0,0,1,0,0,0),(236,'디독스',29,'조승표',NULL,2,2,0,0,1,1,0,0,0,0,0,1,0,0,0,0,0,0,0,0),(237,'디독스',29,'장다솔',NULL,2,2,0,0,0,0,0,0,0,0,0,1,0,0,0,1,0,0,0,0),(238,'Bullets',30,'문치권',NULL,3,3,2,1,2,2,0,0,0,0,0,0,0,0,0,0,1,0,0,0),(239,'Bullets',30,'최지원',NULL,3,2,2,0,2,1,1,0,0,1,0,0,0,0,0,0,0,0,0,0),(240,'Bullets',30,'유재석',NULL,3,2,3,1,1,0,1,0,0,0,0,0,3,0,0,1,0,0,0,0),(241,'Bullets',30,'임희섭',NULL,3,2,0,2,1,1,0,0,0,1,0,0,0,0,0,1,0,0,0,0),(242,'Bullets',30,'전우람',NULL,3,3,1,1,2,2,0,0,0,0,0,0,0,0,0,0,1,0,0,0),(243,'Bullets',30,'백광선',NULL,2,1,1,0,0,0,0,0,0,1,0,0,0,0,0,0,1,0,0,0),(244,'Bullets',30,'최용재',NULL,2,2,1,0,0,0,0,0,0,1,0,1,0,0,0,0,0,0,0,0),(245,'Bullets',30,'정훈영',NULL,2,2,1,0,1,0,1,0,0,0,0,0,0,0,0,1,0,0,0,0),(246,'Bullets',30,'심정현',NULL,2,2,0,2,1,1,0,0,0,0,0,0,0,0,0,1,0,0,0,0),(247,'Bullets',31,'전우람',NULL,3,3,1,0,1,0,1,0,0,0,0,1,0,0,0,0,0,0,0,0),(248,'Bullets',31,'최지원',NULL,3,2,1,1,1,0,1,0,0,1,0,0,1,0,0,0,1,0,0,0),(249,'Bullets',31,'유재석',NULL,2,1,1,0,0,0,0,0,0,1,0,0,1,0,0,0,0,0,0,0),(250,'Bullets',31,'문치권',NULL,1,1,1,0,0,0,0,0,0,0,0,0,0,0,0,1,0,0,0,0),(251,'Bullets',31,'임희섭',NULL,3,2,0,1,0,0,0,0,0,1,0,0,0,0,0,2,0,0,0,0),(252,'Bullets',31,'윤석호',NULL,2,1,1,0,0,0,0,0,0,1,0,0,0,0,0,0,1,0,0,0),(253,'Bullets',31,'이영재',NULL,1,1,1,2,1,0,0,0,1,0,0,0,0,0,0,0,0,0,0,0),(254,'Bullets',31,'심정현',NULL,2,2,0,1,1,1,0,0,0,0,0,1,0,0,0,0,0,0,0,0),(255,'Bullets',31,'박주용',NULL,1,1,0,0,1,0,0,0,0,0,0,0,1,0,0,0,0,0,0,0),(256,'Bullets',31,'이시우',NULL,3,1,0,0,0,0,0,0,0,2,0,1,1,0,0,0,0,0,0,0),(257,'Bullets',31,'정훈영',NULL,1,1,0,0,1,1,0,0,0,0,0,0,0,0,0,0,0,0,0,0),(258,'Bullets',31,'김성윤',NULL,2,1,0,0,0,0,0,0,0,1,0,0,0,0,0,0,1,0,0,0),(259,'Bullets',31,'백광선',NULL,2,2,0,1,1,0,0,0,0,0,0,1,0,0,0,0,0,0,0,0),(260,'Cvilians',32,'박지용',NULL,3,2,1,1,0,0,0,0,0,1,0,2,0,0,0,0,0,0,0,0),(261,'Cvilians',32,'이호',NULL,3,3,0,0,0,0,0,0,0,0,0,2,0,0,0,0,1,0,0,0),(262,'Cvilians',32,'박천호',NULL,3,3,1,2,2,1,1,0,0,0,0,0,0,0,0,0,1,0,0,0),(263,'Cvilians',32,'김동윤',NULL,3,3,2,0,1,1,0,0,0,0,0,0,0,0,0,1,1,0,0,0),(264,'Cvilians',32,'김동원',NULL,3,3,1,1,2,1,1,0,0,0,0,0,0,0,0,0,0,0,0,0),(265,'Cvilians',32,'정진',NULL,3,3,0,0,0,0,0,0,0,0,0,1,0,0,0,0,0,0,0,0),(266,'Cvilians',32,'김지형',NULL,2,1,1,0,0,0,0,0,0,1,0,1,0,0,0,0,0,0,0,0),(267,'Cvilians',32,'김우환',NULL,2,2,1,0,0,0,0,0,0,0,0,1,0,0,0,1,0,0,0,0),(268,'Cvilians',32,'박진석',NULL,2,2,1,0,2,2,0,0,0,0,0,0,0,0,0,0,0,0,0,0),(269,'aceball',33,'김명준',NULL,4,4,3,4,3,3,0,0,0,1,0,0,1,0,0,1,0,0,0,0),(270,'aceball',33,'김동현',NULL,4,4,3,1,2,1,1,0,0,1,0,0,1,0,0,0,0,0,0,0),(271,'aceball',33,'문원교',NULL,4,4,3,3,3,3,0,0,0,0,0,1,1,0,0,0,0,0,0,0),(272,'aceball',33,'김범식',NULL,0,0,0,0,0,0,0,0,0,0,0,0,0,0,0,0,0,0,0,0),(273,'aceball',33,'최동순',NULL,3,3,4,2,3,3,0,0,0,0,0,0,1,0,0,0,0,0,0,0),(274,'aceball',33,'김정석',NULL,3,2,3,1,0,0,0,0,0,1,0,0,1,0,0,0,0,0,0,0),(275,'aceball',33,'홍석승',NULL,0,0,0,0,0,0,0,0,0,0,0,0,0,0,0,0,0,0,0,0),(276,'aceball',33,'주현호',NULL,3,3,3,2,2,2,0,0,0,0,0,1,0,0,0,0,0,0,0,0),(277,'aceball',33,'박준범',NULL,3,2,4,5,2,2,0,0,0,1,0,0,0,0,0,0,0,0,0,0),(278,'aceball',33,'유형석',NULL,3,3,4,7,3,1,2,0,0,0,0,0,0,0,0,0,0,0,0,0),(279,'aceball',33,'최광욱',NULL,3,3,3,1,0,0,0,0,0,0,0,0,1,0,0,1,1,0,0,0),(280,'메트로스',34,'박병석',NULL,2,2,0,0,0,0,0,0,0,0,0,0,0,0,0,0,2,0,0,0),(281,'메트로스',34,'최성락',NULL,2,1,0,0,0,0,0,0,0,1,0,1,1,0,0,0,0,0,0,0),(282,'메트로스',34,'김건희',NULL,2,1,0,0,0,0,0,0,0,1,0,0,0,0,0,1,0,0,0,0),(283,'메트로스',34,'최경호',NULL,2,2,1,0,0,0,0,0,0,1,0,0,1,0,0,1,0,0,0,0),(284,'메트로스',34,'최문규',NULL,1,1,0,0,0,0,0,0,0,0,0,1,0,0,0,0,0,0,0,0),(285,'메트로스',34,'유환수',NULL,1,0,0,0,0,0,0,0,0,1,0,0,0,0,0,0,0,0,0,0),(286,'메트로스',34,'정인욱',NULL,1,1,0,1,0,0,0,0,0,0,0,0,0,0,0,0,0,0,0,0),(287,'메트로스',34,'최강현',NULL,1,1,0,0,0,0,0,0,0,0,0,1,0,0,0,0,0,0,0,0),(288,'메트로스',34,'신수용',NULL,1,1,0,0,0,0,0,0,0,0,0,1,0,0,0,0,0,0,0,0),(289,'행당힛츠',37,'전병익',NULL,4,4,1,0,0,0,0,0,0,0,0,2,0,0,0,0,0,0,0,0),(290,'행당힛츠',37,'윤재천',NULL,3,2,0,0,0,0,0,0,0,1,0,2,0,0,0,0,0,0,0,0),(291,'행당힛츠',37,'이겨레',NULL,3,3,1,2,1,0,1,0,0,0,0,1,0,0,0,1,0,0,0,0),(292,'행당힛츠',37,'유주태',NULL,3,2,0,0,0,0,0,0,0,1,0,1,0,0,0,1,0,0,0,0),(293,'행당힛츠',37,'박승환',NULL,3,3,2,1,2,2,0,0,0,0,0,1,0,0,0,0,0,0,0,0),(294,'행당힛츠',37,'임성훈',NULL,3,3,0,0,1,0,0,0,0,0,0,0,0,0,0,0,2,0,0,0),(295,'행당힛츠',37,'박주형',NULL,3,3,0,1,1,0,1,0,0,0,0,1,0,0,0,1,0,0,0,0),(296,'행당힛츠',37,'홍준의',NULL,3,1,0,1,0,0,0,0,0,2,0,1,0,0,0,0,0,0,0,0),(297,'행당힛츠',37,'정현수',NULL,3,2,0,0,0,0,0,0,0,0,0,1,0,0,0,2,0,0,0,0),(298,'디독스',38,'신진범',NULL,4,3,1,0,0,0,0,0,0,1,0,1,1,0,0,1,1,0,0,0),(299,'디독스',38,'김우석',NULL,4,4,0,0,0,0,0,0,0,0,0,1,0,0,0,2,1,0,0,0),(300,'디독스',38,'김세훈',NULL,3,3,1,1,3,2,1,0,0,0,0,0,0,0,0,0,0,0,0,0),(301,'디독스',38,'안수한',NULL,3,3,0,0,1,1,0,0,0,0,0,0,1,0,0,1,0,0,0,0),(302,'디독스',38,'오용민',NULL,3,2,0,0,1,1,0,0,0,1,0,0,0,0,0,1,0,0,0,0),(303,'디독스',38,'전경훈',NULL,3,2,1,1,1,0,1,0,0,1,0,0,1,0,0,1,0,0,0,0),(304,'디독스',38,'강기철',NULL,3,2,0,0,0,0,0,0,0,1,0,0,0,0,0,0,1,0,0,0),(305,'디독스',38,'나의석',NULL,2,2,1,1,0,0,0,0,0,0,0,0,0,0,0,2,0,0,0,0),(306,'디독스',38,'야나기와 타카유키',NULL,1,1,1,0,0,0,0,0,0,0,0,0,1,0,0,1,0,0,0,0),(307,'디독스',38,'박종주',NULL,2,2,1,0,1,1,0,0,0,0,0,0,0,0,0,1,0,0,0,0),(308,'디독스',38,'조승표',NULL,0,0,0,0,0,0,0,0,0,0,0,0,0,0,0,0,0,0,0,0),(309,'디독스',38,'서준혁',NULL,1,1,0,0,0,0,0,0,0,0,0,0,0,0,0,1,0,0,0,0),(310,'aceball',39,'홍석승',NULL,2,2,0,0,1,1,0,0,0,0,0,1,0,0,0,0,0,0,0,0),(311,'aceball',39,'인기철',NULL,2,0,0,0,0,0,0,0,0,0,0,2,0,0,0,0,0,0,0,0),(312,'aceball',39,'김동현',NULL,2,2,0,0,1,1,0,0,0,0,0,1,0,0,0,0,0,0,0,0),(313,'aceball',39,'최동순',NULL,2,2,0,0,0,0,0,0,0,0,0,1,0,0,0,1,0,0,0,0),(314,'aceball',39,'문원교',NULL,2,1,0,0,0,0,0,0,0,1,0,1,0,0,0,0,0,0,0,0),(315,'aceball',39,'유형석',NULL,1,1,0,0,0,0,0,0,0,0,0,1,0,0,0,0,0,0,0,0),(316,'aceball',39,'박우열',NULL,1,1,0,0,0,0,0,0,0,0,0,1,0,0,0,0,0,0,0,0),(317,'aceball',39,'최광욱',NULL,1,1,0,0,0,0,0,0,0,0,0,1,0,0,0,0,0,0,0,0),(318,'aceball',39,'서동익',NULL,1,1,0,0,0,0,0,0,0,0,0,1,0,0,0,0,0,0,0,0),(319,'디독스',40,'야나기와 타카유키',NULL,3,3,3,1,2,2,0,0,0,0,0,0,3,0,0,1,0,0,0,0),(320,'디독스',40,'서준혁',NULL,3,1,1,1,0,0,0,0,0,1,0,1,0,0,1,0,0,0,0,0),(321,'디독스',40,'김세훈',NULL,3,3,2,4,2,1,1,0,0,0,0,0,1,0,0,1,0,0,0,0),(322,'디독스',40,'안수한',NULL,3,2,2,0,1,0,1,0,0,1,0,0,2,0,0,1,0,0,0,0),(323,'디독스',40,'김우석',NULL,3,2,1,1,1,0,1,0,0,1,0,0,0,0,0,0,1,0,0,0),(324,'디독스',40,'전경훈',NULL,3,3,1,1,1,1,0,0,0,0,0,0,0,0,0,2,0,0,0,0),(325,'디독스',40,'오용민',NULL,3,3,1,0,0,0,0,0,0,0,0,0,1,0,0,3,0,0,0,0),(326,'디독스',40,'조승표',NULL,2,2,0,0,0,0,0,0,0,0,0,0,0,0,0,0,2,0,0,0),(327,'디독스',40,'홍대정',NULL,1,1,0,1,1,1,0,0,0,0,0,0,0,0,0,0,0,0,0,0),(328,'디독스',40,'장다솔',NULL,3,3,2,0,1,1,0,0,0,0,0,0,1,0,0,1,0,0,0,0),(329,'메트로스 ',41,'최성락 ',NULL,2,2,1,0,0,0,0,0,0,0,0,0,1,0,0,0,0,0,0,0),(330,'메트로스 ',41,'정인욱 ',NULL,2,0,1,0,0,0,0,0,0,1,1,0,0,0,0,0,0,4,0,0),(331,'메트로스 ',41,'김건희 ',NULL,1,1,0,0,0,0,0,0,0,0,0,1,0,0,0,0,0,0,0,0),(332,'메트로스 ',41,'최강현 ',NULL,1,0,0,0,0,0,0,0,0,1,0,0,0,0,0,0,0,0,0,0),(333,'메트로스 ',41,'최경호 ',NULL,2,1,0,1,0,0,0,0,0,0,0,0,0,0,1,0,0,0,0,0),(334,'메트로스 ',41,'이승훈 ',NULL,2,2,0,1,1,0,1,0,0,0,0,1,0,0,0,0,0,0,0,0),(335,'메트로스 ',41,'신수용 ',NULL,1,1,0,0,0,0,0,0,0,0,0,1,0,0,0,0,0,0,0,0),(336,'메트로스 ',41,'박병석 ',NULL,1,0,0,0,0,0,0,0,0,1,0,0,0,0,0,0,0,0,0,0),(337,'메트로스 ',41,'최문규 ',NULL,1,1,0,0,0,0,0,0,0,0,0,1,0,0,0,0,0,0,0,0),(338,'메트로스 ',41,'유환수 ',NULL,1,1,0,0,0,0,0,0,0,0,0,1,0,0,0,0,0,0,0,0),(339,'Bullets ',42,'백광선 ',NULL,3,1,3,1,1,1,0,0,0,1,1,0,1,0,0,0,0,0,0,0),(340,'Bullets ',42,'곽동준 ',NULL,3,1,3,3,1,1,0,0,0,2,0,0,0,0,0,0,0,0,0,0),(341,'Bullets ',42,'최용재 ',NULL,6,3,4,2,1,1,0,0,0,3,0,2,0,0,0,0,0,0,0,0),(342,'Bullets ',42,'심정현 ',NULL,6,4,5,12,4,0,3,1,0,1,0,0,1,0,1,0,0,0,0,0),(343,'Bullets ',42,'김성윤 ',NULL,4,3,3,4,3,1,2,0,0,1,0,0,3,0,0,0,0,0,0,0),(344,'Bullets ',42,'이영재 ',NULL,2,2,2,1,1,1,0,0,0,0,0,0,0,0,0,0,0,0,0,0),(345,'Bullets ',42,'정훈영 ',NULL,6,4,3,1,2,1,1,0,0,2,0,0,0,0,0,0,0,5,0,0),(346,'Bullets ',42,'복종욱 ',NULL,6,6,3,5,4,3,1,0,0,0,0,1,3,0,0,0,0,0,0,0),(347,'Bullets ',42,'박주용 ',NULL,6,3,3,0,1,1,0,0,0,3,0,0,0,0,0,0,0,0,0,0),(348,'Bullets ',42,'윤석호 ',NULL,5,2,4,2,2,1,1,0,0,2,1,0,0,0,0,0,0,0,0,0),(349,'Bullets ',42,'김범식 ',NULL,2,2,2,1,1,1,0,0,0,0,0,0,0,0,0,0,0,0,0,0),(350,'Bullets ',42,'이상호 ',NULL,3,1,2,1,0,0,0,0,0,2,0,1,0,0,0,0,0,0,0,0),(351,'디독스 ',43,'신진범 ',NULL,6,4,5,7,4,2,2,0,0,1,1,0,1,0,0,0,0,0,0,0),(352,'디독스 ',43,'전경훈 ',NULL,5,3,4,4,2,0,2,0,0,2,0,0,0,0,0,0,0,0,0,0),(353,'디독스 ',43,'장다솔 ',NULL,5,4,4,3,2,1,1,0,0,1,0,0,0,0,0,0,0,0,0,0),(354,'디독스 ',43,'김세훈 ',NULL,5,5,3,6,5,2,3,0,0,0,0,0,0,0,0,0,0,0,0,0),(355,'디독스 ',43,'나의석 ',NULL,3,2,2,1,1,1,0,0,0,1,0,0,0,0,0,0,0,0,0,0),(356,'디독스 ',43,'강기철 ',NULL,4,3,4,3,2,1,1,0,0,1,0,0,0,0,0,0,0,3,0,0),(357,'디독스 ',43,'홍대정 ',NULL,5,3,5,2,2,2,0,0,0,2,0,0,1,0,0,0,0,0,0,0),(358,'디독스 ',43,'조승표 ',NULL,5,2,5,1,2,2,0,0,0,3,0,0,0,0,0,0,0,0,0,0),(359,'디독스 ',43,'허정 ',NULL,2,2,0,0,0,0,0,0,0,0,0,0,0,0,0,0,0,0,0,0),(360,'디독스 ',43,'안수한 ',NULL,3,2,1,2,1,1,0,0,0,1,0,0,0,0,0,0,0,0,0,0),(362,'메트로스 ',44,'최성락 ',NULL,1,1,0,0,0,0,0,0,0,0,0,1,0,0,0,0,0,0,0,0),(363,'메트로스 ',44,'정인욱 ',NULL,1,1,0,0,0,0,0,0,0,0,0,0,0,0,0,0,0,0,0,0),(364,'메트로스 ',44,'이승훈 ',NULL,1,1,0,0,1,1,0,0,0,0,0,0,0,0,0,0,0,0,0,0),(365,'메트로스 ',44,'최경호 ',NULL,1,1,0,0,0,0,0,0,0,0,0,0,0,0,0,0,0,0,0,0),(366,'메트로스 ',44,'김건희 ',NULL,1,1,0,0,0,0,0,0,0,0,0,1,0,0,0,0,0,0,0,0),(367,'메트로스 ',44,'유환수 ',NULL,1,0,0,0,0,0,0,0,0,0,1,0,0,0,0,0,0,0,0,0),(368,'메트로스 ',44,'박병석 ',NULL,1,0,0,0,0,0,0,0,0,0,1,0,0,0,0,0,0,0,0,0),(369,'메트로스 ',44,'신수용 ',NULL,1,1,0,0,0,0,0,0,0,0,0,1,0,0,0,0,0,0,0,0),(370,'메트로스 ',44,'최강현 ',NULL,0,0,0,0,0,0,0,0,0,0,0,0,0,0,0,0,0,0,0,0),(371,'메트로스 ',44,'최문규 ',NULL,1,1,0,0,0,0,0,0,0,0,0,0,0,0,0,0,0,0,0,0),(374,'짤유 ',45,'이정룡 ',NULL,3,3,0,2,1,1,0,0,0,0,0,1,0,0,0,0,0,0,0,0),(375,'짤유 ',45,'이호준 ',NULL,3,2,1,0,0,0,0,0,0,0,1,1,0,0,0,0,0,0,0,0),(376,'짤유 ',45,'김연각 ',NULL,3,3,1,2,1,0,1,0,0,0,0,0,1,0,0,0,0,0,0,0),(377,'짤유 ',45,'서준상 ',NULL,3,2,1,0,1,1,0,0,0,1,0,0,0,0,0,0,0,2,0,0),(378,'짤유 ',45,'박정우 ',NULL,3,3,2,1,2,2,0,0,0,0,0,0,0,0,0,0,0,0,0,0),(379,'짤유 ',45,'문준혁 ',NULL,3,2,1,0,0,0,0,0,0,1,0,0,0,0,0,0,0,0,0,0),(380,'짤유 ',45,'최일준 ',NULL,3,3,1,1,2,2,0,0,0,0,0,0,0,0,0,0,0,0,0,0),(381,'짤유 ',45,'문정우 ',NULL,3,2,0,1,0,0,0,0,0,1,0,2,0,0,0,0,0,0,0,0),(382,'짤유 ',45,'문종열 ',NULL,2,2,1,1,1,1,0,0,0,0,0,0,0,0,0,0,0,0,0,0),(386,'Aceball ',46,'최광욱 ',NULL,3,3,1,3,1,0,1,0,0,0,0,0,1,0,0,0,0,0,0,0),(387,'Aceball ',46,'홍석승 ',NULL,3,3,1,1,1,1,0,0,0,0,0,0,1,0,0,0,0,0,0,0),(388,'Aceball ',46,'김동현 ',NULL,2,1,0,0,1,1,0,0,0,1,0,0,0,0,0,0,0,0,0,0),(389,'Aceball ',46,'최동순 ',NULL,2,2,1,0,0,0,0,0,0,0,0,0,0,0,0,0,0,1,0,0),(390,'Aceball ',46,'문원교 ',NULL,2,2,0,1,1,0,1,0,0,0,0,0,0,0,0,0,0,0,0,0),(391,'Aceball ',46,'이성근 ',NULL,2,1,1,0,1,1,0,0,0,1,0,0,1,0,0,0,0,0,0,0),(392,'Aceball ',46,'주현호 ',NULL,2,1,1,0,0,0,0,0,0,0,1,1,0,0,0,0,0,0,0,0),(393,'Aceball ',46,'유형석 ',NULL,2,2,1,1,1,1,0,0,0,0,0,0,0,0,0,0,0,4,0,0),(394,'Aceball ',46,'인기철 ',NULL,2,2,1,0,0,0,0,0,0,0,0,1,0,0,0,0,0,0,0,0),(398,'짤유 ',47,'이정룡 ',NULL,2,2,1,0,1,1,0,0,0,0,0,0,1,0,0,0,0,0,0,0),(399,'짤유 ',47,'구찬우 ',NULL,1,0,1,0,0,0,0,0,0,1,0,0,0,0,0,0,0,0,0,0),(400,'짤유 ',47,'이호준 ',NULL,3,3,2,0,2,2,0,0,0,0,0,1,0,0,0,0,0,0,0,0),(401,'짤유 ',47,'김연각 ',NULL,3,2,3,2,1,0,1,0,0,1,0,0,2,0,0,0,0,0,0,0),(402,'짤유 ',47,'서준상 ',NULL,3,2,2,2,2,2,0,0,0,1,0,0,2,0,0,0,0,7,0,0),(403,'짤유 ',47,'박정우 ',NULL,3,3,0,1,1,1,0,0,0,0,0,0,1,0,0,0,0,0,0,0),(404,'짤유 ',47,'문준혁 ',NULL,3,1,1,2,1,1,0,0,0,1,0,0,1,0,1,0,0,0,0,0),(405,'짤유 ',47,'최형승 ',NULL,3,3,0,0,0,0,0,0,0,0,0,1,0,0,0,0,0,0,0,0),(406,'짤유 ',47,'문정우 ',NULL,3,3,0,1,1,1,0,0,0,0,0,2,0,0,0,0,0,0,0,0),(407,'짤유 ',47,'문종열 ',NULL,3,3,2,0,1,1,0,0,0,0,0,0,0,0,0,0,0,0,0,0),(410,'아슬아슬 ',48,'이상목 ',NULL,2,1,0,0,0,0,0,0,0,1,0,0,0,0,0,0,0,0,0,0),(411,'아슬아슬 ',48,'이상현 ',NULL,2,2,0,0,0,0,0,0,0,0,0,1,0,0,0,0,0,0,0,0),(412,'아슬아슬 ',48,'표정현 ',NULL,2,2,0,0,1,1,0,0,0,0,0,1,0,0,0,0,0,0,0,0),(413,'아슬아슬 ',48,'김기범 ',NULL,2,2,0,0,1,1,0,0,0,0,0,1,0,0,0,0,0,0,0,0),(414,'아슬아슬 ',48,'이문배 ',NULL,2,2,0,0,0,0,0,0,0,0,0,0,0,0,0,0,0,0,0,0),(415,'아슬아슬 ',48,'김성수 ',NULL,1,1,0,0,0,0,0,0,0,0,0,1,0,0,0,0,0,0,0,0),(416,'아슬아슬 ',48,'정해권 ',NULL,1,1,0,0,0,0,0,0,0,0,0,1,0,0,0,0,0,0,0,0),(417,'아슬아슬 ',48,'변훈 ',NULL,2,2,0,0,0,0,0,0,0,0,0,1,0,0,0,0,0,0,0,0),(418,'아슬아슬 ',48,'김정우 ',NULL,2,2,0,0,1,1,0,0,0,0,0,0,0,0,0,0,0,0,0,0),(419,'아슬아슬 ',48,'홍영민 ',NULL,2,2,0,0,1,1,0,0,0,0,0,1,0,0,0,0,0,4,0,0),(422,'Civilians ',49,'윤영수 ',NULL,3,3,0,0,1,1,0,0,0,0,0,1,1,0,0,0,0,0,0,0),(423,'Civilians ',49,'박진석 ',NULL,3,3,0,0,0,0,0,0,0,0,0,3,0,0,0,0,0,0,0,0),(424,'Civilians ',49,'박천호 ',NULL,2,2,0,0,0,0,0,0,0,0,0,2,0,0,0,0,0,5,0,0),(425,'Civilians ',49,'정진 ',NULL,2,2,0,0,0,0,0,0,0,0,0,1,0,0,0,0,0,0,0,0),(426,'Civilians ',49,'주환익 ',NULL,2,1,1,0,0,0,0,0,0,1,0,0,1,0,0,0,0,0,0,0),(427,'Civilians ',49,'김낙현 ',NULL,0,0,0,0,0,0,0,0,0,0,0,0,0,0,0,0,0,0,0,0),(428,'Civilians ',49,'이준용 ',NULL,2,2,2,0,1,1,0,0,0,0,0,0,1,0,0,0,0,0,0,0),(429,'Civilians ',49,'송우진 ',NULL,0,0,0,0,0,0,0,0,0,0,0,0,0,0,0,0,0,0,0,0),(430,'Civilians ',49,'김동윤 ',NULL,2,2,0,0,0,0,0,0,0,0,0,2,0,0,0,0,0,0,0,0),(431,'Civilians ',49,'박지용 ',NULL,2,0,2,0,0,0,0,0,0,1,1,0,0,0,0,0,0,0,0,0),(432,'Civilians ',49,'이명규 ',NULL,2,2,0,1,1,1,0,0,0,0,0,1,0,0,0,0,0,0,0,0),(434,'D-Dogs ',50,'전경훈 ',NULL,3,2,2,1,1,0,1,0,0,0,1,0,0,0,0,0,0,0,0,0),(435,'D-Dogs ',50,'이중배 ',NULL,0,0,0,0,0,0,0,0,0,0,0,0,0,0,0,0,0,0,0,0),(436,'D-Dogs ',50,'김세훈 ',NULL,3,3,0,2,1,1,0,0,0,0,0,1,0,0,0,0,0,0,0,0),(438,'D-Dogs ',50,'김우석 ',NULL,2,1,0,0,0,0,0,0,0,1,0,0,0,0,0,0,0,0,0,0),(439,'D-Dogs ',50,'박종주 ',NULL,2,1,0,1,0,0,0,0,0,1,0,0,0,0,0,0,0,0,0,0),(440,'D-Dogs ',50,'강기철 ',NULL,2,1,1,1,1,1,0,0,0,1,0,0,0,0,0,0,0,10,0,0),(441,'D-Dogs ',50,'장다솔 ',NULL,2,2,0,0,0,0,0,0,0,0,0,2,0,0,0,0,0,0,0,0),(442,'D-Dogs ',50,'홍대정 ',NULL,2,2,0,0,0,0,0,0,0,0,0,2,0,0,0,0,0,0,0,0),(445,'Civilians ',51,'김지형 ',NULL,4,1,4,3,1,1,0,0,0,2,1,0,1,0,0,0,0,0,0,0),(446,'Civilians ',51,'박지용 ',NULL,2,0,2,0,0,0,0,0,0,2,0,0,1,0,0,0,0,0,0,0),(447,'Civilians ',51,'박천호 ',NULL,2,2,2,3,2,1,1,0,0,0,0,0,0,0,0,0,0,0,0,0),(448,'Civilians ',51,'김성용 ',NULL,4,3,3,2,2,2,0,0,0,1,0,1,2,0,0,0,0,0,0,0),(449,'Civilians ',51,'정진 ',NULL,4,4,4,4,3,2,1,0,0,0,0,0,1,0,0,0,0,6,0,0),(450,'Civilians ',51,'김동윤 ',NULL,4,4,2,1,3,2,1,0,0,0,0,0,0,0,0,0,0,0,0,0),(451,'Civilians ',51,'김낙현 ',NULL,4,2,3,1,1,1,0,0,0,2,0,0,0,0,0,0,0,0,0,0),(452,'Civilians ',51,'송우진 ',NULL,4,2,2,0,1,1,0,0,0,2,0,0,0,0,0,0,0,0,0,0),(453,'Civilians ',51,'정윤수 ',NULL,4,3,2,4,2,2,0,0,0,1,0,0,0,0,0,0,0,0,0,0),(454,'Civilians ',51,'박진석 ',NULL,3,1,2,2,0,0,0,0,0,2,0,0,0,0,0,0,0,0,0,0),(457,'Metros ',52,'최성락 ',NULL,2,2,0,0,0,0,0,0,0,0,0,2,0,0,0,0,0,0,0,0),(458,'Metros ',52,'박병석 ',NULL,2,2,0,0,0,0,0,0,0,0,0,2,0,0,0,0,0,0,0,0),(459,'Metros ',52,'정인욱 ',NULL,1,1,0,0,0,0,0,0,0,0,0,1,0,0,0,0,0,0,0,0),(460,'Metros ',52,'최경호 ',NULL,1,1,1,0,1,1,0,0,0,0,0,0,1,0,0,0,0,0,0,0),(461,'Metros ',52,'최강현 ',NULL,1,1,0,0,0,0,0,0,0,0,0,1,0,0,0,0,0,1,0,0),(462,'Metros ',52,'유환수 ',NULL,1,0,1,0,0,0,0,0,0,1,0,0,1,0,0,0,0,0,0,0),(464,'Metros ',52,'김건희 ',NULL,1,1,1,0,0,0,0,0,0,0,0,0,0,0,0,0,0,0,0,0),(465,'Metros ',52,'신수용 ',NULL,1,1,1,2,1,0,1,0,0,0,0,0,1,0,0,0,0,0,0,0),(469,'아슬아슬 ',53,'임재관 ',NULL,3,1,2,0,0,0,0,0,0,2,0,0,0,0,0,0,0,0,0,0),(470,'아슬아슬 ',53,'표정현 ',NULL,3,3,1,0,0,0,0,0,0,0,0,0,0,0,0,0,0,0,0,0),(471,'아슬아슬 ',53,'변훈 ',NULL,3,2,1,1,1,1,0,0,0,1,0,1,0,0,0,0,0,0,0,0),(472,'아슬아슬 ',53,'김정우 ',NULL,3,1,0,1,0,0,0,0,0,2,0,0,0,0,0,0,0,0,0,0),(473,'아슬아슬 ',53,'김성수 ',NULL,2,0,0,1,0,0,0,0,0,2,0,0,0,0,0,0,0,0,0,0),(474,'아슬아슬 ',53,'이상목 ',NULL,1,0,0,0,0,0,0,0,0,1,0,0,0,0,0,0,0,0,0,0),(475,'아슬아슬 ',53,'김기범 ',NULL,3,2,0,1,1,1,0,0,0,1,0,1,0,0,0,0,0,0,0,0),(476,'아슬아슬 ',53,'서종진 ',NULL,1,1,0,0,0,0,0,0,0,0,0,1,0,0,0,0,0,0,0,0),(477,'아슬아슬 ',53,'이문배 ',NULL,2,2,0,0,0,0,0,0,0,0,0,2,0,0,0,0,0,0,0,0),(478,'아슬아슬 ',53,'홍영민 ',NULL,2,2,1,0,2,2,0,0,0,0,0,0,0,0,0,0,0,8,0,0),(481,'행당Hits ',54,'이겨레 ',NULL,3,3,2,0,2,1,1,0,0,0,0,0,1,0,0,0,0,0,0,0),(482,'행당Hits ',54,'박승환 ',NULL,3,3,1,3,2,2,0,0,0,0,0,0,0,0,0,0,0,5,0,0),(483,'행당Hits ',54,'유주태 ',NULL,3,3,0,1,2,1,1,0,0,0,0,1,1,0,0,0,0,0,0,0),(484,'행당Hits ',54,'전영표 ',NULL,3,1,1,2,1,0,0,0,1,1,1,0,0,0,0,0,0,0,0,0),(485,'행당Hits ',54,'김경원 ',NULL,3,3,0,0,0,0,0,0,0,0,0,2,0,0,0,0,0,0,0,0),(486,'행당Hits ',54,'임성훈 ',NULL,3,3,0,0,1,1,0,0,0,0,0,1,0,0,0,0,0,0,0,0),(487,'행당Hits ',54,'윤재천 ',NULL,2,2,0,0,0,0,0,0,0,0,0,2,0,0,0,0,0,0,0,0),(488,'행당Hits ',54,'황의상 ',NULL,2,2,0,0,0,0,0,0,0,0,0,2,0,0,0,0,0,0,0,0),(489,'행당Hits ',54,'홍준의 ',NULL,2,2,2,0,0,0,0,0,0,0,0,0,0,0,0,0,0,0,0,0),(493,'아슬아슬 ',55,'변훈 ',NULL,3,3,2,0,3,3,0,0,0,0,0,0,0,0,0,0,0,0,0,0),(494,'아슬아슬 ',55,'이문배 ',NULL,3,3,0,0,2,2,0,0,0,0,0,0,0,0,0,0,0,0,0,0),(495,'아슬아슬 ',55,'서종진 ',NULL,3,2,0,1,0,0,0,0,0,1,0,0,0,0,0,0,0,0,0,0),(496,'아슬아슬 ',55,'김정우 ',NULL,3,3,1,0,0,0,0,0,0,0,0,0,0,0,0,0,0,0,0,0),(497,'아슬아슬 ',55,'김기범 ',NULL,2,0,0,0,0,0,0,0,0,2,0,0,0,0,0,0,0,0,0,0),(498,'아슬아슬 ',55,'이상목 ',NULL,2,2,0,2,1,1,0,0,0,0,0,1,0,0,0,0,0,0,0,0),(499,'아슬아슬 ',55,'임재관 ',NULL,2,2,0,0,1,1,0,0,0,0,0,1,0,0,0,0,0,0,0,0),(500,'아슬아슬 ',55,'표정현 ',NULL,2,1,1,0,0,0,0,0,0,1,0,1,0,0,0,0,0,0,0,0),(501,'아슬아슬 ',55,'홍영민 ',NULL,2,1,1,0,0,0,0,0,0,1,0,0,0,0,0,0,0,1,0,0),(505,'D-Dogs ',56,'서준혁 ',NULL,4,4,2,2,1,1,0,0,0,0,0,0,1,0,0,0,0,0,0,0),(506,'D-Dogs ',56,'전경훈 ',NULL,4,4,1,1,1,1,0,0,0,0,0,1,1,0,0,0,0,0,0,0),(508,'D-Dogs ',56,'조승표 ',NULL,1,1,0,0,0,0,0,0,0,0,0,0,0,0,0,0,0,0,0,0),(509,'D-Dogs ',56,'김우석 ',NULL,4,4,3,5,3,2,0,0,1,0,0,0,1,0,0,0,0,3,0,0),(510,'D-Dogs ',56,'신진범 ',NULL,4,3,1,1,1,1,0,0,0,1,0,0,0,0,0,0,0,0,0,0),(511,'D-Dogs ',56,'강기철 ',NULL,3,3,2,1,1,0,1,0,0,0,0,0,1,0,0,0,0,0,0,0),(512,'D-Dogs ',56,'홍대정 ',NULL,3,3,3,1,3,1,2,0,0,0,0,0,1,0,0,0,0,0,0,0),(513,'D-Dogs ',56,'허정 ',NULL,3,2,3,0,1,0,1,0,0,1,0,0,0,0,0,0,0,0,0,0),(516,'행당Hits ',57,'박주형 ',NULL,3,2,1,0,1,0,1,0,0,1,0,0,0,0,0,0,0,0,0,0),(517,'행당Hits ',57,'임성훈 ',NULL,3,2,2,1,2,2,0,0,0,1,0,0,0,0,0,0,0,0,0,0),(518,'행당Hits ',57,'이겨레 ',NULL,3,3,0,0,1,1,0,0,0,0,0,0,0,0,0,0,0,0,0,0),(519,'행당Hits ',57,'전영표 ',NULL,2,2,0,2,1,0,1,0,0,0,0,0,0,0,0,0,0,0,0,0),(520,'행당Hits ',57,'박승환 ',NULL,2,2,1,0,0,0,0,0,0,0,0,0,0,0,0,0,0,3,0,0),(521,'행당Hits ',57,'김경원 ',NULL,2,1,0,1,1,1,0,0,0,1,0,0,1,0,0,0,0,0,0,0),(522,'행당Hits ',57,'윤재천 ',NULL,1,0,0,0,0,0,0,0,0,1,0,0,0,0,0,0,0,0,0,0),(523,'행당Hits ',57,'유주태 ',NULL,1,1,0,0,0,0,0,0,0,0,0,0,0,0,0,0,0,0,0,0),(524,'행당Hits ',57,'황의상 ',NULL,2,2,0,0,0,0,0,0,0,0,0,2,0,0,0,0,0,0,0,0),(525,'행당Hits ',57,'정현수 ',NULL,2,2,0,0,0,0,0,0,0,0,0,1,0,0,0,0,0,0,0,0),(528,'짤유 ',58,'박정우 ',NULL,3,3,1,0,1,1,0,0,0,0,0,0,1,0,0,0,0,0,0,0),(529,'짤유 ',58,'문종열 ',NULL,3,3,1,1,2,1,0,1,0,0,0,0,1,0,0,0,0,0,0,0),(530,'짤유 ',58,'김명찬 ',NULL,3,3,0,1,1,1,0,0,0,0,0,0,0,0,0,0,0,0,0,0),(531,'짤유 ',58,'김연각 ',NULL,3,3,0,0,1,0,1,0,0,0,0,2,1,0,0,0,0,3,0,0),(532,'짤유 ',58,'이경준 ',NULL,3,3,0,0,1,0,1,0,0,0,0,0,1,0,0,0,0,0,0,0),(533,'짤유 ',58,'김윤성 ',NULL,3,3,2,0,1,1,0,0,0,0,0,1,1,0,0,0,0,0,0,0),(534,'짤유 ',58,'최일준 ',NULL,2,2,1,0,2,2,0,0,0,0,0,0,1,0,0,0,0,0,0,0),(535,'짤유 ',58,'문준혁 ',NULL,2,2,1,0,1,1,0,0,0,0,0,0,0,0,0,0,0,0,0,0),(536,'짤유 ',58,'최형승 ',NULL,0,0,0,0,0,0,0,0,0,0,0,0,0,0,0,0,0,0,0,0),(537,'짤유 ',58,'문정우 ',NULL,2,1,0,0,0,0,0,0,0,0,1,1,0,0,0,0,0,0,0,0),(540,'행당Hits ',59,'황의상 ',NULL,1,1,0,0,0,0,0,0,0,0,0,1,0,0,0,0,0,0,0,0),(541,'행당Hits ',59,'유주태 ',NULL,3,2,0,0,1,1,0,0,0,0,1,0,0,0,0,0,0,0,0,0),(542,'행당Hits ',59,'박주형 ',NULL,3,2,0,0,0,0,0,0,0,1,0,0,1,0,0,0,0,0,0,0),(543,'행당Hits ',59,'이겨레 ',NULL,3,3,0,0,0,0,0,0,0,0,0,3,0,0,0,0,0,0,0,0),(544,'행당Hits ',59,'전영표 ',NULL,2,2,0,0,2,2,0,0,0,0,0,0,1,0,0,0,0,0,0,0),(545,'행당Hits ',59,'박승환 ',NULL,2,1,0,0,0,0,0,0,0,1,0,0,0,0,0,0,0,5,0,0),(546,'행당Hits ',59,'김경원 ',NULL,2,2,0,0,0,0,0,0,0,0,0,1,0,0,0,0,0,0,0,0),(547,'행당Hits ',59,'임성훈 ',NULL,2,0,1,0,0,0,0,0,0,2,0,0,1,0,0,0,0,0,0,0),(548,'행당Hits ',59,'권순호 ',NULL,2,2,0,0,1,1,0,0,0,0,0,0,0,0,0,0,0,0,0,0),(549,'행당Hits ',59,'정현수 ',NULL,1,1,0,0,0,0,0,0,0,0,0,1,0,0,0,0,0,0,0,0),(552,'Civilians ',60,'김지형 ',NULL,3,2,1,0,2,1,1,0,0,1,0,0,2,0,0,0,0,0,0,0),(553,'Civilians ',60,'이종후 ',NULL,3,3,1,2,1,0,1,0,0,0,0,1,1,0,0,0,0,0,0,0),(554,'Civilians ',60,'윤영수 ',NULL,3,1,1,0,0,0,0,0,0,2,0,1,1,0,0,0,0,0,0,0),(555,'Civilians ',60,'정진 ',NULL,3,3,1,0,1,0,1,0,0,0,0,1,1,0,0,0,0,0,0,0),(556,'Civilians ',60,'김동원 ',NULL,3,1,1,0,0,0,0,0,0,2,0,0,1,0,0,0,0,0,0,0),(557,'Civilians ',60,'박천호 ',NULL,3,1,0,1,0,0,0,0,0,2,0,0,0,0,0,0,0,6,0,0),(558,'Civilians ',60,'한지헌 ',NULL,3,3,0,0,0,0,0,0,0,0,0,1,0,0,0,0,0,0,0,0),(559,'Civilians ',60,'박지용 ',NULL,2,1,0,0,0,0,0,0,0,1,0,1,0,0,0,0,0,0,0,0),(560,'Civilians ',60,'김우환 ',NULL,2,2,1,0,1,1,0,0,0,0,0,0,0,0,0,0,0,0,0,0),(561,'행당Hits ',60,'정현수 ',NULL,1,1,0,0,0,0,0,0,0,0,0,1,0,0,0,0,0,0,0,0),(565,'Metros ',69,'최성락 ',NULL,2,1,1,0,0,0,0,0,0,1,0,1,0,0,0,0,0,0,0,0),(566,'Metros ',69,'정인욱 ',NULL,2,2,0,0,0,0,0,0,0,0,0,2,0,0,0,0,0,3,0,0),(567,'Metros ',69,'김건희 ',NULL,2,2,0,0,0,0,0,0,0,0,0,1,0,0,0,0,0,0,0,0),(568,'Metros ',69,'최경호 ',NULL,2,2,0,0,1,0,1,0,0,0,0,1,0,0,0,0,0,0,0,0),(569,'Metros ',69,'이승훈 ',NULL,2,2,0,1,1,1,0,0,0,0,0,0,0,0,0,0,0,0,0,0),(570,'Metros ',69,'유환수 ',NULL,2,1,0,0,0,0,0,0,0,1,0,1,0,0,0,0,0,0,0,0),(571,'Metros ',69,'박병석 ',NULL,1,1,0,0,0,0,0,0,0,0,0,1,0,0,0,0,0,0,0,0),(572,'Metros ',69,'이민재 ',NULL,1,0,0,0,0,0,0,0,0,1,0,0,1,0,0,0,0,0,0,0),(573,'Metros ',69,'손승범 ',NULL,1,0,0,0,0,0,0,0,0,1,0,0,0,0,0,0,0,0,0,0),(574,'짤유 ',70,'남진훈 ',NULL,3,1,1,0,0,0,0,0,0,2,0,0,1,0,0,0,0,0,0,0),(575,'짤유 ',70,'문종열 ',NULL,2,2,2,2,2,1,1,0,0,0,0,0,0,0,0,0,0,0,0,0),(576,'짤유 ',70,'김무건 ',NULL,3,2,2,1,1,1,0,0,0,1,0,0,0,0,0,0,0,0,0,0),(577,'짤유 ',70,'박정우 ',NULL,2,2,1,2,1,0,1,0,0,0,0,0,0,0,0,0,0,0,0,0),(578,'짤유 ',70,'문준혁 ',NULL,5,4,3,1,2,2,0,0,0,1,0,0,2,0,0,0,0,0,0,0),(579,'짤유 ',70,'최일준 ',NULL,4,4,3,0,0,0,0,0,0,0,0,0,0,0,0,0,0,0,0,0),(580,'짤유 ',70,'김윤성 ',NULL,4,2,3,2,1,0,1,0,0,2,0,0,1,0,0,0,0,7,0,0),(581,'짤유 ',70,'구찬우 ',NULL,4,4,3,1,1,1,0,0,0,0,0,0,0,0,0,0,0,0,0,0),(582,'짤유 ',70,'여현철 ',NULL,4,3,3,2,2,2,0,0,0,1,0,1,0,0,0,0,0,0,0,0),(583,'짤유 ',70,'최형승 ',NULL,4,3,2,4,2,1,1,0,0,1,0,1,1,0,0,0,0,0,0,0),(584,'짤유 ',70,'문정우 ',NULL,4,2,2,0,0,0,0,0,0,1,1,1,1,0,0,0,0,0,0,0),(585,'Metros ',71,'유환수 ',NULL,3,1,2,0,0,0,0,0,0,2,0,0,0,0,0,0,0,0,0,0),(586,'Metros ',71,'신수용 ',NULL,3,2,1,1,1,0,1,0,0,1,0,0,0,0,0,0,0,0,0,0),(587,'Metros ',71,'이승훈 ',NULL,3,2,0,1,0,0,0,0,0,1,0,1,0,0,0,0,0,0,0,0),(588,'Metros ',71,'최경호 ',NULL,3,1,1,0,0,0,0,0,0,1,1,0,1,0,0,0,0,0,0,0),(589,'Metros ',71,'김동섭 ',NULL,2,1,0,1,0,0,0,0,0,0,1,1,0,0,0,0,0,0,0,0),(590,'Metros ',71,'김건희 ',NULL,2,2,0,1,1,1,0,0,0,0,0,0,1,0,0,0,0,0,0,0),(591,'Metros ',71,'이민재 ',NULL,2,1,0,0,0,0,0,0,0,1,0,1,0,0,0,0,0,2,0,0),(592,'Metros ',71,'박병석 ',NULL,2,1,1,0,0,0,0,0,0,1,0,1,0,0,0,0,0,0,0,0),(593,'Metros ',71,'정인욱 ',NULL,2,0,1,0,0,0,0,0,0,1,1,0,0,0,0,0,0,0,0,0),(594,'행당Hits ',72,'이겨레 ',NULL,5,4,5,5,4,2,2,0,0,1,0,0,2,0,0,0,0,0,0,0),(595,'행당Hits ',72,'임성훈 ',NULL,5,5,3,2,4,3,1,0,0,0,0,0,0,0,0,0,0,0,0,0),(596,'행당Hits ',72,'유주태 ',NULL,5,3,3,2,1,0,1,0,0,2,0,0,2,0,0,0,0,0,0,0),(597,'행당Hits ',72,'전영표 ',NULL,5,4,3,4,2,2,0,0,0,1,0,0,2,0,0,0,0,0,0,0),(598,'행당Hits ',72,'김경원 ',NULL,5,1,4,1,0,0,0,0,0,4,0,1,0,0,0,0,0,0,0,0),(599,'행당Hits ',72,'박승환 ',NULL,4,0,3,1,0,0,0,0,0,3,1,0,0,0,0,0,0,4,0,0),(600,'행당Hits ',72,'권순호 ',NULL,4,2,3,5,2,2,0,0,0,2,0,0,0,0,0,0,0,0,0,0),(601,'행당Hits ',72,'홍준의 ',NULL,4,2,3,4,2,1,1,0,0,2,0,0,0,0,0,0,0,0,0,0),(602,'행당Hits ',72,'윤재천 ',NULL,4,2,3,3,1,1,0,0,0,1,1,1,0,0,0,0,0,0,0,0),(603,'짤유 ',77,'박정우 ',NULL,3,3,2,0,1,1,0,0,0,0,0,0,1,0,0,0,0,0,0,0),(604,'짤유 ',77,'이정룡 ',NULL,3,2,2,0,1,0,1,0,0,1,0,0,2,0,0,0,0,0,0,0),(605,'짤유 ',77,'김명찬 ',NULL,3,2,1,1,0,0,0,0,0,0,1,0,1,0,0,0,0,0,0,0),(606,'짤유 ',77,'최일준 ',NULL,2,2,0,0,0,0,0,0,0,0,0,2,0,0,0,0,0,0,0,0),(607,'짤유 ',77,'김연각 ',NULL,1,1,1,1,1,1,0,0,0,0,0,0,0,0,0,0,0,0,0,0),(608,'짤유 ',77,'김무건 ',NULL,3,3,0,2,2,2,0,0,0,0,0,1,0,0,0,0,0,2,0,0),(609,'짤유 ',77,'남진훈 ',NULL,2,2,0,0,0,0,0,0,0,0,0,1,0,0,0,0,0,0,0,0),(610,'짤유 ',77,'문종열 ',NULL,1,0,0,0,0,0,0,0,0,1,0,0,0,0,0,0,0,0,0,0),(611,'짤유 ',77,'김윤성 ',NULL,3,2,0,0,1,1,0,0,0,0,1,1,0,0,0,0,0,0,0,0),(612,'짤유 ',77,'문준혁 ',NULL,3,2,0,0,0,0,0,0,0,1,0,2,0,0,0,0,0,0,0,0),(613,'짤유 ',77,'문정우 ',NULL,2,1,0,0,0,0,0,0,0,1,0,1,0,0,0,0,0,0,0,0),(614,'짤유 ',77,'이호준 ',NULL,0,0,0,0,0,0,0,0,0,0,0,0,0,0,0,0,0,0,0,0),(615,'D-Dogs ',78,'서준혁 ',NULL,4,3,1,1,0,0,0,0,0,1,0,0,1,0,0,0,0,0,0,0),(616,'D-Dogs ',78,'전경훈 ',NULL,4,4,2,3,1,0,0,0,1,0,0,0,0,0,0,0,0,0,0,0),(617,'D-Dogs ',78,'김우석 ',NULL,3,2,1,1,1,1,0,0,0,1,0,0,1,0,0,0,0,0,0,0),(618,'D-Dogs ',78,'김세훈 ',NULL,3,3,1,0,2,2,0,0,0,0,0,0,0,0,0,0,0,0,0,0),(619,'D-Dogs ',78,'안수한 ',NULL,3,3,2,0,1,1,0,0,0,0,0,0,0,0,0,0,0,8,0,0),(620,'D-Dogs ',78,'허정 ',NULL,3,3,0,2,1,0,1,0,0,0,0,1,0,0,0,0,0,0,0,0),(621,'D-Dogs ',78,'신진범 ',NULL,2,2,0,1,0,0,0,0,0,0,0,0,0,0,0,0,0,0,0,0),(622,'D-Dogs ',78,'임효준 ',NULL,3,3,1,0,1,1,0,0,0,0,0,0,1,0,0,0,0,0,0,0),(623,'D-Dogs ',78,'조승표 ',NULL,2,2,1,0,1,0,1,0,0,0,0,0,0,0,0,0,0,0,0,0),(624,'D-Dogs ',78,'홍대정 ',NULL,1,1,0,0,0,0,0,0,0,0,0,1,0,0,0,0,0,0,0,0),(625,'짤유 ',79,'박정우 ',NULL,2,2,0,0,1,0,1,0,0,0,0,0,1,0,0,0,0,0,0,0),(626,'짤유 ',79,'김무건 ',NULL,2,2,0,0,0,0,0,0,0,0,0,2,0,0,0,0,0,0,0,0),(627,'짤유 ',79,'이정룡 ',NULL,2,1,0,0,1,1,0,0,0,1,0,0,0,0,0,0,0,0,0,0),(628,'짤유 ',79,'김연각 ',NULL,2,2,0,0,0,0,0,0,0,0,0,1,0,0,0,0,0,4,0,0),(629,'짤유 ',79,'문종열 ',NULL,1,1,0,0,1,1,0,0,0,0,0,0,0,0,0,0,0,0,0,0),(630,'짤유 ',79,'문정우 ',NULL,1,1,0,0,0,0,0,0,0,0,0,0,0,0,0,0,0,0,0,0),(631,'짤유 ',79,'남진훈 ',NULL,2,2,0,0,0,0,0,0,0,0,0,1,0,0,0,0,0,0,0,0),(632,'짤유 ',79,'이호준 ',NULL,2,1,0,0,0,0,0,0,0,1,0,0,0,0,0,0,0,0,0,0),(633,'짤유 ',79,'구찬우 ',NULL,2,2,0,0,0,0,0,0,0,0,0,2,0,0,0,0,0,0,0,0),(634,'짤유 ',79,'최형승 ',NULL,1,1,0,0,0,0,0,0,0,0,0,1,0,0,0,0,0,0,0,0),(635,'Bullets ',80,'최준호 ',NULL,4,3,2,4,2,1,0,0,1,1,0,1,0,0,0,0,0,0,0,0),(636,'Bullets ',80,'황창준 ',NULL,4,3,3,1,2,2,0,0,0,1,0,0,0,0,0,0,0,0,0,0),(637,'Bullets ',80,'임희섭 ',NULL,4,4,3,2,3,1,2,0,0,0,0,0,1,0,0,0,0,0,0,0),(638,'Bullets ',80,'이영재 ',NULL,4,4,2,2,4,2,1,1,0,0,0,0,0,0,0,0,0,0,0,0),(639,'Bullets ',80,'전우람 ',NULL,4,4,2,2,2,2,0,0,0,0,0,0,0,0,0,0,0,7,0,0),(640,'Bullets ',80,'박주용 ',NULL,3,2,1,1,0,0,0,0,0,1,0,0,0,0,0,0,0,0,0,0),(641,'Bullets ',80,'윤석호 ',NULL,0,0,0,0,0,0,0,0,0,0,0,0,0,0,0,0,0,0,0,0),(642,'Bullets ',80,'정훈영 ',NULL,2,2,1,2,2,1,0,0,1,0,0,0,0,0,0,0,0,0,0,0),(643,'Bullets ',80,'이상호 ',NULL,3,3,0,0,0,0,0,0,0,0,0,3,0,0,0,0,0,0,0,0),(644,'Bullets ',80,'김상윤 ',NULL,2,2,1,0,1,0,1,0,0,0,0,0,0,0,0,0,0,0,0,0),(645,'Bullets ',80,'이시우 ',NULL,1,1,1,0,1,1,0,0,0,0,0,0,0,0,0,0,0,0,0,0),(646,'Aceball ',81,'최광욱 ',NULL,3,2,0,1,1,1,0,0,0,1,0,1,0,0,0,0,0,0,0,0),(647,'Aceball ',81,'최동순 ',NULL,3,2,0,0,0,0,0,0,0,1,0,0,0,0,0,0,0,0,0,0),(648,'Aceball ',81,'유형석 ',NULL,2,2,0,0,0,0,0,0,0,0,0,2,0,0,0,0,0,2,0,0),(649,'Aceball ',81,'송창우 ',NULL,1,1,0,0,0,0,0,0,0,0,0,1,0,0,0,0,0,1,0,0),(650,'Aceball ',81,'김동현 ',NULL,3,1,0,0,0,0,0,0,0,2,0,1,0,0,0,0,0,0,0,0),(651,'Aceball ',81,'오명근 ',NULL,2,2,0,0,1,1,0,0,0,0,0,0,0,0,0,0,0,0,0,0),(652,'Aceball ',81,'손용기 ',NULL,1,1,0,0,0,0,0,0,0,0,0,1,0,0,0,0,0,0,0,0),(653,'Aceball ',81,'주현호 ',NULL,3,2,1,0,0,0,0,0,0,1,0,1,0,0,0,0,0,0,0,0),(654,'Aceball ',81,'이성근 ',NULL,2,1,1,0,0,0,0,0,0,1,0,0,0,0,0,0,0,0,0,0),(655,'Aceball ',81,'김동현 ',NULL,2,2,0,0,0,0,0,0,0,0,0,1,0,0,0,0,0,0,0,0),(656,'Aceball ',81,'문원교 ',NULL,2,2,1,2,1,0,1,0,0,0,0,0,1,0,0,0,0,0,0,0),(657,'Civilians ',82,'김낙현 ',NULL,3,2,1,0,0,0,0,0,0,0,1,2,0,0,0,0,0,0,0,0),(658,'Civilians ',82,'김성용 ',NULL,3,1,2,0,1,1,0,0,0,1,1,0,0,0,0,0,0,0,0,0),(659,'Civilians ',82,'정진 ',NULL,3,3,1,1,2,0,2,0,0,0,0,0,1,0,0,0,0,0,0,0),(660,'Civilians ',82,'김동윤 ',NULL,3,3,0,2,1,1,0,0,0,0,0,0,0,0,0,0,0,8,0,0),(661,'Civilians ',82,'김동원 ',NULL,3,2,0,0,0,0,0,0,0,1,0,1,0,0,0,0,0,0,0,0),(662,'Civilians ',82,'이종후 ',NULL,2,1,0,0,0,0,0,0,0,1,0,0,0,0,0,0,0,0,0,0),(663,'Civilians ',82,'이종해 ',NULL,1,0,0,0,0,0,0,0,0,1,0,0,0,0,0,0,0,0,0,0),(664,'Civilians ',82,'김지형 ',NULL,3,3,0,1,2,2,0,0,0,0,0,0,0,0,0,0,0,0,0,0),(665,'Civilians ',82,'김우환 ',NULL,3,2,1,0,1,0,0,1,0,1,0,0,0,0,0,0,0,0,0,0),(666,'Civilians ',82,'박지용 ',NULL,2,2,1,1,1,0,1,0,0,0,0,0,1,0,0,0,0,0,0,0),(667,'아슬아슬 ',83,'변훈 ',NULL,2,2,1,2,1,1,0,0,0,0,0,0,1,0,0,0,0,0,0,0),(668,'아슬아슬 ',83,'배관호 ',NULL,1,1,1,0,1,1,0,0,0,0,0,0,0,0,0,0,0,0,0,0),(669,'아슬아슬 ',83,'김성수 ',NULL,2,1,2,0,1,1,0,0,0,1,0,0,0,0,0,0,0,0,0,0),(670,'아슬아슬 ',83,'김기범 ',NULL,1,0,0,0,0,0,0,0,0,1,0,0,0,0,0,0,0,0,0,0),(671,'아슬아슬 ',83,'이상목 ',NULL,3,2,3,1,0,0,0,0,0,1,0,0,0,0,0,0,0,0,0,0),(672,'아슬아슬 ',83,'정인서 ',NULL,3,2,3,3,2,1,1,0,0,1,0,0,0,0,0,0,0,0,0,0),(673,'아슬아슬 ',83,'김건욱 ',NULL,3,3,3,6,3,0,3,0,0,0,0,0,3,0,0,0,0,0,0,0),(674,'아슬아슬 ',83,'김정우 ',NULL,3,2,2,1,1,0,1,0,0,1,0,0,1,0,0,0,0,0,0,0),(675,'아슬아슬 ',83,'김지훈 ',NULL,3,3,2,1,2,2,0,0,0,0,0,0,0,0,0,0,0,0,0,0),(676,'아슬아슬 ',83,'임재관 ',NULL,2,2,0,0,0,0,0,0,0,0,0,1,0,0,0,0,0,0,0,0),(677,'아슬아슬 ',83,'홍영민 ',NULL,2,2,1,2,2,2,0,0,0,0,0,0,0,0,0,0,0,1,0,0),(678,'Metros ',84,'이민재 ',NULL,2,2,0,0,1,1,0,0,0,0,0,1,0,0,0,0,0,0,0,0),(679,'Metros ',84,'김건희 ',NULL,2,1,2,0,1,1,0,0,0,1,0,0,1,0,0,0,0,0,0,0),(680,'Metros ',84,'신수용 ',NULL,2,2,1,0,0,0,0,0,0,0,0,0,0,0,0,0,0,0,0,0),(681,'Metros ',84,'이승훈 ',NULL,2,2,1,0,0,0,0,0,0,0,0,0,0,0,0,0,0,0,0,0),(682,'Metros ',84,'손승범 ',NULL,2,2,2,3,2,0,1,1,0,0,0,0,1,0,0,0,0,0,0,0),(683,'Metros ',84,'유환수 ',NULL,2,2,0,2,1,1,0,0,0,0,0,0,0,0,0,0,0,0,0,0),(684,'Metros ',84,'최성락 ',NULL,2,1,0,0,0,0,0,0,0,1,0,0,0,0,0,0,0,0,0,0),(685,'Metros ',84,'최문규 ',NULL,1,1,0,0,1,1,0,0,0,0,0,0,0,0,0,0,0,0,0,0),(686,'Metros ',84,'김동섭 ',NULL,1,0,0,0,0,0,0,0,0,1,0,0,0,0,0,0,0,1,0,0),(687,'Civilians ',61,'김낙현 ',NULL,4,2,2,1,1,1,0,0,0,2,0,1,0,0,0,0,0,0,0,0),(688,'Civilians ',61,'김지형 ',NULL,4,3,2,0,1,1,0,0,0,1,0,2,1,0,0,0,0,0,0,0),(689,'Civilians ',61,'정진 ',NULL,4,4,2,4,3,0,3,0,0,0,0,0,1,0,0,0,0,0,0,0),(690,'Civilians ',61,'김동윤 ',NULL,4,3,3,3,2,0,2,0,0,1,0,0,0,0,0,0,0,1,0,0),(691,'Civilians ',61,'김동원 ',NULL,4,4,3,4,3,1,1,0,1,0,0,1,0,0,0,0,0,3,0,0),(692,'Civilians ',61,'윤영수 ',NULL,4,4,4,3,4,2,1,0,1,0,0,0,1,0,0,0,0,0,0,0),(693,'Civilians ',61,'송우진 ',NULL,3,2,1,4,2,2,0,0,0,0,1,0,0,0,0,0,0,0,0,0),(694,'Civilians ',61,'이종해 ',NULL,3,2,1,0,1,1,0,0,0,1,0,1,0,0,0,0,0,0,0,0),(695,'Civilians ',61,'박지용 ',NULL,2,2,0,1,1,1,0,0,0,0,0,0,1,0,0,0,0,0,0,0),(696,'Civilians ',61,'김성용 ',NULL,1,0,1,0,0,0,0,0,0,1,0,0,0,0,0,0,0,0,0,0),(697,'아슬아슬 ',62,'변훈 ',NULL,3,3,1,0,2,1,1,0,0,0,0,0,0,0,0,0,0,0,0,0),(698,'아슬아슬 ',62,'김성수 ',NULL,2,1,0,0,0,0,0,0,0,1,0,0,0,0,0,0,0,0,0,0),(699,'아슬아슬 ',62,'정인서 ',NULL,1,0,1,0,0,0,0,0,0,1,0,0,0,0,0,0,0,0,0,0),(700,'아슬아슬 ',62,'이한결 ',NULL,3,2,0,2,2,2,0,0,0,1,0,0,0,0,0,0,0,0,0,0),(701,'아슬아슬 ',62,'김건욱 ',NULL,3,2,0,0,0,0,0,0,0,1,0,0,0,0,0,0,0,0,0,0),(702,'아슬아슬 ',62,'이상목 ',NULL,3,3,0,0,0,0,0,0,0,0,0,1,0,0,0,0,0,0,0,0),(703,'아슬아슬 ',62,'김규언 ',NULL,2,2,0,0,0,0,0,0,0,0,0,2,0,0,0,0,0,0,0,0),(704,'아슬아슬 ',62,'정호열 ',NULL,0,0,0,0,0,0,0,0,0,0,0,0,0,0,0,0,0,0,0,0),(705,'아슬아슬 ',62,'김지훈 ',NULL,2,2,0,0,0,0,0,0,0,0,0,0,0,0,0,0,0,0,0,0),(706,'아슬아슬 ',62,'권재호 ',NULL,1,1,0,0,0,0,0,0,0,0,0,1,0,0,0,0,0,0,0,0),(707,'아슬아슬 ',62,'정해권 ',NULL,1,1,0,0,1,1,0,0,0,0,0,0,0,0,0,0,0,0,0,0),(708,'아슬아슬 ',62,'홍영민 ',NULL,2,1,1,0,0,0,0,0,0,1,0,0,1,0,0,0,0,5,0,0),(709,'Civilians ',63,'윤영수 ',NULL,3,3,1,0,1,0,1,0,0,0,0,0,1,0,0,0,0,0,0,0),(710,'Civilians ',63,'박천호 ',NULL,3,1,2,0,0,0,0,0,0,2,0,0,0,0,0,0,0,0,0,0),(711,'Civilians ',63,'김동원 ',NULL,3,3,3,4,3,2,0,0,1,0,0,0,0,0,0,0,0,0,0,0),(712,'Civilians ',63,'김동윤 ',NULL,3,3,2,4,2,0,1,0,1,0,0,1,0,0,0,0,0,3,0,0),(713,'Civilians ',63,'정진 ',NULL,3,3,1,1,3,2,1,0,0,0,0,0,0,0,0,0,0,0,0,0),(714,'Civilians ',63,'김지형 ',NULL,3,3,1,0,0,0,0,0,0,0,0,0,1,0,0,0,0,0,0,0),(715,'Civilians ',63,'송우진 ',NULL,3,2,2,3,1,0,0,0,1,1,0,0,0,0,0,0,0,0,0,0),(716,'Civilians ',63,'이종해 ',NULL,3,1,1,0,0,0,0,0,0,2,0,1,0,0,0,0,0,0,0,0),(717,'Civilians ',63,'김성용 ',NULL,2,1,1,1,1,1,0,0,0,1,0,0,0,0,0,0,0,0,0,0),(718,'짤유 ',64,'김윤성 ',NULL,3,2,1,0,1,1,0,0,0,1,0,1,1,0,0,0,0,0,0,0),(719,'짤유 ',64,'김명찬 ',NULL,3,2,2,1,1,1,0,0,0,1,0,0,0,0,0,0,0,0,0,0),(720,'짤유 ',64,'김연각 ',NULL,2,1,1,1,0,0,0,0,0,1,0,0,0,0,0,0,0,2,0,0),(721,'짤유 ',64,'최일준 ',NULL,2,2,1,1,1,0,1,0,0,0,0,0,0,0,0,0,0,0,0,0),(722,'짤유 ',64,'문종열 ',NULL,2,2,1,1,1,1,0,0,0,0,0,1,0,0,0,0,0,0,0,0),(723,'짤유 ',64,'김우경 ',NULL,1,0,1,0,0,0,0,0,0,1,0,0,0,0,0,0,0,0,0,0),(724,'짤유 ',64,'여현철 ',NULL,1,0,0,1,0,0,0,0,0,1,0,0,0,0,0,0,0,0,0,0),(725,'짤유 ',64,'최형승 ',NULL,2,2,0,2,1,1,0,0,0,0,0,1,0,0,0,0,0,0,0,0),(726,'짤유 ',64,'구찬우 ',NULL,2,1,1,0,0,0,0,0,0,0,1,0,0,0,0,0,0,0,0,0),(727,'짤유 ',64,'문정우 ',NULL,2,1,1,0,0,0,0,0,0,1,0,0,0,0,0,0,0,0,0,0),(728,'행당Hits ',67,'이겨레 ',NULL,2,2,0,0,0,0,0,0,0,0,0,0,0,0,0,0,0,0,0,0),(729,'행당Hits ',67,'박주형 ',NULL,1,1,0,0,0,0,0,0,0,0,0,1,0,0,0,0,0,0,0,0),(730,'행당Hits ',67,'박승환 ',NULL,1,0,0,0,0,0,0,0,0,1,0,0,0,0,0,0,0,3,0,0),(731,'행당Hits ',67,'전영표 ',NULL,1,1,0,0,0,0,0,0,0,0,0,1,0,0,0,0,0,0,0,0),(732,'행당Hits ',67,'김경원 ',NULL,1,1,0,0,0,0,0,0,0,0,0,1,0,0,0,0,0,0,0,0),(733,'행당Hits ',67,'임성훈 ',NULL,1,0,0,0,0,0,0,0,0,1,0,0,0,0,0,0,0,0,0,0),(734,'행당Hits ',67,'유주태 ',NULL,1,1,0,0,0,0,0,0,0,0,0,0,0,0,0,0,0,0,0,0),(735,'행당Hits ',67,'윤재천 ',NULL,1,0,0,0,0,0,0,0,0,1,0,0,0,0,0,0,0,0,0,0),(736,'행당Hits ',67,'황의상 ',NULL,1,1,0,0,0,0,0,0,0,0,0,1,0,0,0,0,0,0,0,0),(737,'Bullets ',68,'백광선 ',NULL,4,2,2,1,0,0,0,0,0,2,0,1,0,0,0,0,0,0,0,0),(738,'Bullets ',68,'김유영 ',NULL,3,2,2,4,2,1,1,0,0,1,0,0,0,0,0,0,0,0,0,0),(739,'Bullets ',68,'복종욱 ',NULL,1,0,0,1,0,0,0,0,0,1,0,0,0,0,0,0,0,0,0,0),(740,'Bullets ',68,'전우람 ',NULL,3,3,1,0,1,1,0,0,0,0,0,0,0,0,0,0,0,0,0,0),(741,'Bullets ',68,'심정현 ',NULL,1,1,0,2,1,0,1,0,0,0,0,0,0,0,0,0,0,0,0,0),(742,'Bullets ',68,'이영재 ',NULL,3,2,2,1,2,0,2,0,0,1,0,0,0,0,0,0,0,0,0,0),(743,'Bullets ',68,'최준호 ',NULL,3,2,2,2,1,1,0,0,0,1,0,1,1,0,0,0,0,4,0,0),(744,'Bullets ',68,'황창준 ',NULL,3,2,2,1,1,1,0,0,0,1,0,0,0,0,0,0,0,0,0,0),(745,'Bullets ',68,'김상욱 ',NULL,2,2,2,3,1,0,0,1,0,0,0,0,0,0,0,0,0,0,0,0),(746,'Bullets ',68,'이시우 ',NULL,1,1,1,0,0,0,0,0,0,0,0,0,0,0,0,0,0,0,0,0),(747,'Bullets ',68,'이상호 ',NULL,2,1,1,0,0,0,0,0,0,1,0,1,0,0,0,0,0,0,0,0),(748,'Bullets ',68,'윤석호 ',NULL,1,1,0,1,0,0,0,0,0,0,0,0,0,0,0,0,0,0,0,0),(749,'Bullets ',68,'김정훈 ',NULL,3,2,2,1,1,1,0,0,0,1,0,0,0,0,0,0,0,0,0,0),(750,'Bullets ',75,'김유영 ',NULL,2,1,2,0,1,0,1,0,0,1,0,0,1,0,0,0,0,0,0,0),(751,'Bullets ',75,'김범식 ',NULL,1,0,1,0,0,0,0,0,0,1,0,0,0,0,0,0,0,0,0,0),(752,'Bullets ',75,'김경환 ',NULL,3,2,1,1,1,1,0,0,0,1,0,0,0,0,0,0,0,0,0,0),(753,'Bullets ',75,'이시우 ',NULL,3,3,2,0,0,0,0,0,0,0,0,1,0,0,0,0,0,0,0,0),(754,'Bullets ',75,'전우람 ',NULL,3,2,3,1,1,1,0,0,0,0,1,0,0,0,0,0,0,0,0,0),(755,'Bullets ',75,'김성윤 ',NULL,3,3,2,6,2,0,0,0,2,0,0,0,0,0,0,0,0,0,0,0),(756,'Bullets ',75,'유재석 ',NULL,3,2,0,0,0,0,0,0,0,1,0,1,0,0,0,0,0,0,0,0),(757,'Bullets ',75,'최준호 ',NULL,3,3,0,0,0,0,0,0,0,0,0,0,0,0,0,0,0,7,0,0),(758,'Bullets ',75,'복종욱 ',NULL,1,1,0,0,0,0,0,0,0,0,0,1,0,0,0,0,0,0,0,0),(759,'Bullets ',75,'윤석호 ',NULL,1,0,1,0,0,0,0,0,0,1,0,0,0,0,0,0,0,0,0,0),(760,'Bullets ',75,'심정현 ',NULL,2,2,1,1,1,0,1,0,0,0,0,0,1,0,0,0,0,0,0,0),(761,'Aceball ',76,'홍석승 ',NULL,2,1,1,0,0,0,0,0,0,1,0,0,0,0,0,0,0,0,0,0),(762,'Aceball ',76,'이성근 ',NULL,2,2,0,1,1,0,1,0,0,0,0,0,0,0,0,0,0,0,0,0),(763,'Aceball ',76,'유형석 ',NULL,2,2,0,0,0,0,0,0,0,0,0,1,0,0,0,0,0,3,0,0),(764,'Aceball ',76,'최동순 ',NULL,2,2,0,0,0,0,0,0,0,0,0,2,0,0,0,0,0,0,0,0),(765,'Aceball ',76,'김동현 ',NULL,1,0,0,0,0,0,0,0,0,1,0,0,0,0,0,0,0,0,0,0),(766,'Aceball ',76,'서동익 ',NULL,1,1,0,0,0,0,0,0,0,0,0,0,0,0,0,0,0,0,0,0),(767,'Aceball ',76,'김동현 ',NULL,2,2,0,0,0,0,0,0,0,0,0,1,0,0,0,0,0,0,0,0),(768,'Aceball ',76,'손용기 ',NULL,2,2,0,0,1,1,0,0,0,0,0,1,0,0,0,0,0,0,0,0),(769,'Aceball ',76,'인기철 ',NULL,2,2,0,0,0,0,0,0,0,0,0,1,0,0,0,0,0,0,0,0),(770,'Aceball ',76,'김범식 ',NULL,1,1,0,0,0,0,0,0,0,0,0,1,0,0,0,0,0,0,0,0),(771,'짤유',90,'박정우',NULL,3,3,2,1,2,2,0,0,0,0,0,0,2,0,0,1,0,0,0,0),(772,'짤유',90,'문준혁',NULL,3,3,1,0,1,1,0,0,0,0,0,2,0,0,0,0,0,0,0,0),(773,'짤유',90,'김명찬',12,3,2,1,1,1,1,0,0,0,0,0,0,0,0,1,0,1,0,0,0),(774,'짤유',90,'문종열',NULL,3,3,1,0,2,2,0,0,0,0,0,0,1,0,0,1,0,0,0,0),(775,'짤유',90,'김연각',NULL,3,2,0,0,0,0,0,0,0,0,1,1,0,0,0,1,0,0,0,0),(776,'짤유',90,'최일준',NULL,3,1,0,1,1,1,0,0,0,2,0,0,0,0,0,0,0,0,0,0),(777,'짤유',90,'구찬우',NULL,3,2,1,1,0,0,0,0,0,1,0,1,2,0,0,1,0,0,0,0),(778,'짤유',90,'김재현',10,3,0,0,0,0,0,0,0,0,0,0,2,0,0,0,1,0,0,0,0),(779,'짤유',90,'문정우',NULL,2,1,0,0,0,0,0,0,0,1,0,0,1,0,0,1,0,0,0,0),(780,'짤유',91,'이정룡',NULL,3,3,1,0,1,1,0,0,0,0,0,0,1,0,0,1,1,0,0,0),(781,'짤유',91,'이경준',NULL,2,2,1,1,1,0,1,0,0,0,0,0,1,0,0,0,1,0,0,0),(782,'짤유',91,'박정우',NULL,2,1,1,0,0,0,0,0,0,1,0,0,1,0,0,0,1,0,0,0),(783,'짤유',91,'최일준',NULL,2,2,0,0,0,0,0,0,0,0,0,1,0,0,0,0,1,0,0,0),(784,'짤유',91,'문정우',NULL,0,0,0,0,0,0,0,0,0,0,0,0,0,0,0,0,0,0,0,0),(785,'짤유',91,'김명찬',12,2,2,1,0,0,0,0,0,0,0,0,0,0,0,0,1,1,0,0,0),(786,'짤유',91,'문종열',NULL,2,2,0,1,1,1,0,0,0,0,0,0,0,0,0,1,0,0,0,0),(787,'짤유',91,'서준상',NULL,2,2,1,0,0,0,0,0,0,0,0,1,1,0,0,1,0,0,0,0),(788,'짤유',91,'문준혁',NULL,2,2,0,1,0,0,0,0,0,0,0,0,0,0,0,2,0,0,0,0),(789,'짤유',91,'김우경',NULL,1,1,0,0,0,0,0,0,0,0,0,1,0,0,0,0,0,0,0,0),(790,'짤유',91,'최형승',NULL,1,1,0,0,1,1,0,0,0,0,0,0,0,0,0,0,0,0,0,0),(791,'짤유',92,'박정우',NULL,5,5,2,3,2,2,0,0,0,0,0,0,2,0,0,1,2,0,0,0),(792,'짤유',92,'이경준',NULL,5,4,2,1,1,0,1,0,0,1,0,3,0,0,0,0,0,0,0,0),(793,'짤유',92,'김명찬',12,4,3,2,2,2,2,0,0,0,0,1,0,1,0,0,1,0,0,0,0),(794,'짤유',92,'문종열',NULL,4,3,1,1,0,0,0,0,0,1,0,0,1,0,0,1,2,0,0,0),(795,'짤유',92,'최일준',NULL,4,2,0,1,0,0,0,0,0,2,0,0,0,0,0,2,0,0,0,0),(796,'짤유',92,'김윤성',NULL,4,1,1,0,0,0,0,0,0,2,1,1,0,0,0,0,0,0,0,0),(797,'짤유',92,'구찬우',NULL,4,4,2,2,1,1,0,0,0,0,0,1,2,0,0,2,0,0,0,0),(798,'짤유',92,'문정우',NULL,4,1,3,0,0,0,0,0,0,3,0,0,2,0,0,1,0,0,0,0),(799,'짤유',92,'김우경',NULL,4,3,1,2,0,0,0,0,0,1,0,1,0,0,0,2,0,0,0,0),(800,'짤유',93,'박정우',NULL,4,4,3,1,2,1,1,0,0,0,0,0,1,0,0,0,2,0,0,0),(801,'짤유',93,'최일준',NULL,4,4,2,3,0,0,0,0,0,0,0,1,1,0,0,3,0,0,0,0),(802,'짤유',93,'김명찬',NULL,4,3,1,0,1,1,0,0,0,1,0,2,1,0,0,0,0,0,0,0),(803,'짤유',93,'문종열',NULL,3,2,1,1,1,1,0,0,0,0,1,0,1,0,0,0,1,0,0,0),(804,'짤유',93,'문정우',NULL,3,2,0,1,1,1,0,0,0,1,0,0,2,0,0,1,0,0,0,0),(805,'짤유',93,'최형승',NULL,3,2,0,0,0,0,0,0,0,1,0,2,0,0,0,0,0,0,0,0),(806,'짤유',93,'구찬우',NULL,3,0,1,1,0,0,0,0,0,1,2,0,1,0,0,0,0,0,0,0);
/*!40000 ALTER TABLE `game` ENABLE KEYS */;
UNLOCK TABLES;

--
-- Table structure for table `game_1`
--

DROP TABLE IF EXISTS `game_1`;
/*!40101 SET @saved_cs_client     = @@character_set_client */;
/*!40101 SET character_set_client = utf8 */;
CREATE TABLE `game_1` (
  `타석번호` int(11) NOT NULL AUTO_INCREMENT,
  `팀명` varchar(10) DEFAULT NULL,
  `game_no` int(11) NOT NULL,
  `name` varchar(9) DEFAULT NULL,
  `타석` tinyint(4) DEFAULT '0',
  `타수` tinyint(4) DEFAULT '0',
  `득점` tinyint(4) DEFAULT '0',
  `타점` tinyint(4) DEFAULT '0',
  `안타` tinyint(4) DEFAULT '0',
  `1루타` tinyint(4) DEFAULT '0',
  `2루타` tinyint(4) DEFAULT '0',
  `3루타` tinyint(4) DEFAULT '0',
  `홈런` tinyint(4) DEFAULT '0',
  `4구` tinyint(4) DEFAULT '0',
  `사구` tinyint(4) DEFAULT '0',
  `삼진` tinyint(4) DEFAULT '0',
  `도루` tinyint(4) DEFAULT '0',
  `희타` tinyint(4) DEFAULT '0',
  `희비` tinyint(4) DEFAULT '0',
  `땅볼` tinyint(4) DEFAULT '0',
  `뜬공` tinyint(4) DEFAULT '0',
  `자살` tinyint(4) DEFAULT '0',
  `보살` tinyint(4) DEFAULT '0',
  `실책` tinyint(4) DEFAULT '0',
  PRIMARY KEY (`타석번호`)
) ENGINE=MyISAM AUTO_INCREMENT=373 DEFAULT CHARSET=euckr;
/*!40101 SET character_set_client = @saved_cs_client */;

--
-- Dumping data for table `game_1`
--

LOCK TABLES `game_1` WRITE;
/*!40000 ALTER TABLE `game_1` DISABLE KEYS */;
INSERT INTO `game_1` VALUES (1,'짤유',1,'이경준',2,0,2,0,0,0,0,0,0,2,0,0,0,0,0,0,0,0,0,0),(2,'짤유',1,'조원준',4,4,1,2,1,1,0,0,0,0,0,0,0,0,0,0,0,0,0,0),(3,'짤유',1,'남진훈',4,4,1,2,2,1,1,0,0,0,0,2,0,0,0,0,0,0,0,0),(4,'짤유',1,'서준상',4,3,0,0,0,0,0,0,0,1,0,0,0,0,0,0,0,0,0,0),(5,'짤유',1,'박정우',4,3,2,0,2,0,2,0,0,1,0,0,0,0,0,0,0,0,0,0),(6,'짤유',1,'이철민',4,4,0,1,1,1,0,0,0,0,0,0,0,0,0,0,0,0,0,0),(7,'짤유',1,'김윤성',4,3,2,0,1,1,0,0,0,0,0,2,0,0,0,0,0,0,0,0),(8,'짤유',1,'여현철',1,0,2,0,0,0,0,0,0,1,0,0,0,0,0,0,0,0,0,0),(9,'짤유',1,'최목',3,3,0,0,0,0,0,0,0,0,0,1,0,0,0,0,0,0,0,0),(10,'짤유',1,'김무건',3,3,2,1,2,1,1,0,0,0,0,0,0,0,0,0,0,0,0,0),(11,'짤유',1,'김재현',2,1,0,0,1,1,0,0,0,1,0,0,0,0,0,0,0,0,0,0),(12,'짤유',1,'김명찬',1,1,0,0,0,0,0,0,0,0,0,1,0,0,0,0,0,0,0,0),(13,'짤유',1,'변인우',1,1,0,0,0,0,0,0,0,0,0,1,0,0,0,0,0,0,0,0),(14,'짤유',2,'이정룡',4,4,2,0,2,0,2,0,0,0,0,1,0,0,0,0,0,0,0,0),(15,'짤유',2,'남진훈',3,1,1,1,0,0,0,0,0,2,0,0,0,1,0,0,0,0,0,0),(16,'짤유',2,'김무건',3,2,0,2,2,2,0,0,0,1,0,0,1,0,0,0,0,0,0,0),(17,'짤유',2,'김명찬',3,1,0,0,0,0,0,0,0,2,0,0,0,1,0,0,0,0,0,0),(18,'짤유',2,'김윤성',3,0,0,1,0,0,0,0,0,3,0,0,0,0,0,0,0,0,0,0),(19,'짤유',2,'김재현',3,3,0,0,0,0,0,0,0,0,0,3,0,0,0,0,0,0,0,0),(20,'짤유',2,'김형욱',3,3,0,0,0,0,0,0,0,0,0,0,0,0,0,0,0,0,0,0),(21,'짤유',2,'최목',3,3,0,0,1,1,0,0,0,0,0,1,0,0,0,1,0,0,0,0),(22,'짤유',2,'변인우',3,1,1,0,0,0,0,0,0,2,0,0,0,0,0,0,0,0,0,0),(23,'짤유',3,'조원준',4,3,3,1,3,2,1,0,0,1,0,0,1,0,0,0,0,0,0,0),(24,'짤유',3,'남진훈',4,4,1,0,0,0,0,0,0,0,0,1,0,0,0,1,1,0,0,0),(25,'짤유',3,'김무건',4,3,3,2,3,2,1,0,0,0,0,0,2,0,0,0,0,0,0,0),(26,'짤유',3,'서준상',4,4,1,3,2,2,0,0,0,0,0,0,0,0,0,0,1,0,0,0),(27,'짤유',3,'박정우',4,3,2,1,2,1,1,0,0,0,0,0,0,0,0,0,1,0,0,0),(28,'짤유',3,'변인우',3,2,0,1,1,1,0,0,0,0,0,0,0,0,0,0,1,0,0,0),(29,'짤유',3,'이철민',3,3,2,0,1,1,0,0,0,0,0,0,2,0,0,0,1,0,0,0),(30,'짤유',3,'이경준',3,1,2,0,1,1,0,0,0,1,0,0,2,0,0,0,0,0,0,0),(31,'짤유',3,'이정룡',2,2,1,0,1,1,0,0,0,0,0,1,0,0,0,0,0,0,0,0),(32,'짤유',3,'최목',1,1,1,0,1,1,0,0,0,0,0,0,0,0,0,0,0,0,0,0),(33,'짤유',4,'손영석',4,2,2,0,1,1,0,0,0,1,0,1,2,0,0,0,0,0,0,0),(34,'짤유',4,'김무건',4,1,2,0,0,0,0,0,0,3,0,1,2,0,0,0,0,0,0,0),(35,'짤유',4,'서준상',4,3,2,3,2,2,0,0,0,0,0,0,1,0,0,1,0,0,0,0),(36,'짤유',4,'박정우',4,3,2,2,2,1,1,0,0,1,0,0,1,0,0,0,1,0,0,0),(37,'짤유',4,'이철민',4,3,0,1,1,1,0,0,0,1,0,1,0,0,0,1,0,0,0,0),(38,'짤유',4,'김명찬',3,2,1,1,1,1,0,0,0,1,0,1,1,0,0,0,0,0,0,0),(39,'짤유',4,'김윤성',3,0,1,1,0,0,0,0,0,2,0,0,1,0,0,0,0,0,0,0),(40,'짤유',4,'최목',3,3,1,3,2,1,1,0,0,0,0,0,0,0,0,0,0,0,0,0),(41,'짤유',4,'이태엽',2,1,1,1,1,1,0,0,0,1,0,0,1,0,0,0,0,0,0,0),(42,'짤유',5,'이정룡',2,1,1,0,0,0,0,0,0,1,0,1,1,0,0,0,0,0,0,0),(43,'짤유',5,'최목',2,1,0,0,1,1,0,0,0,0,0,1,0,0,0,0,0,0,0,0),(44,'짤유',5,'김명찬',1,1,1,1,0,0,0,0,0,0,0,0,2,0,0,1,0,0,0,0),(45,'짤유',5,'서준상',1,1,0,0,0,0,0,0,0,0,0,0,0,0,0,0,0,0,0,0),(46,'짤유',5,'이경준',1,1,0,1,1,1,0,0,0,0,0,0,0,0,0,0,0,0,0,0),(47,'짤유',5,'여현철',1,1,0,0,0,0,0,0,0,0,0,1,0,0,0,0,0,0,0,0),(48,'짤유',5,'김무건',1,1,0,0,1,0,1,0,0,0,0,0,0,0,0,0,0,0,0,0),(49,'짤유',5,'조원준',1,1,0,0,0,0,0,0,0,0,0,1,0,0,0,0,0,0,0,0),(50,'짤유',5,'이철민',1,1,0,0,0,0,0,0,0,0,0,0,0,0,0,1,0,0,0,0),(51,'짤유',5,'이태엽',1,1,0,0,0,0,0,0,0,0,0,1,0,0,0,0,0,0,0,0),(52,'짤유',6,'이정룡',4,3,1,1,2,2,0,0,0,1,0,0,0,0,0,0,0,0,0,0),(53,'짤유',6,'조원준',4,3,0,1,1,1,0,0,0,1,0,0,1,0,0,0,0,0,0,0),(54,'짤유',6,'김무건',4,2,0,1,1,1,0,0,0,2,0,0,0,0,0,0,0,0,0,0),(55,'짤유',6,'박정우',4,4,1,0,2,2,0,0,0,0,0,0,1,0,0,0,0,0,0,0),(56,'짤유',6,'서준상',2,2,0,0,0,0,0,0,0,0,0,0,0,0,0,0,0,0,0,0),(57,'짤유',6,'이철민',4,1,1,0,1,1,0,0,0,3,0,0,0,0,0,0,0,0,0,0),(58,'짤유',6,'김윤성',4,4,2,0,1,0,1,0,0,0,0,1,0,0,0,0,0,0,0,0),(59,'짤유',6,'최목',3,3,2,0,3,2,1,0,0,0,0,0,1,0,0,0,0,0,0,0),(60,'짤유',6,'김명찬',3,3,0,1,1,1,0,0,0,0,0,0,0,0,0,0,0,0,0,0),(61,'짤유',6,'이태엽',2,1,0,2,0,0,0,0,0,1,0,1,0,0,0,0,0,0,0,0),(62,'짤유',7,'조원준',3,3,1,0,1,1,0,0,0,0,0,0,1,0,0,2,0,0,0,0),(63,'짤유',7,'이정룡',3,3,0,0,0,0,0,0,0,0,0,1,0,0,0,2,0,0,0,0),(64,'짤유',7,'김무건',2,1,2,0,1,0,1,0,0,1,0,0,1,0,0,0,0,0,0,0),(65,'짤유',7,'손영석',1,1,1,0,0,0,0,0,0,0,0,0,0,0,0,1,0,0,0,0),(66,'짤유',7,'서준상',3,3,1,0,0,0,0,0,0,0,0,0,1,0,0,1,2,0,0,0),(67,'짤유',7,'최목',3,2,0,3,1,1,0,0,0,0,0,0,0,0,1,1,0,0,0,0),(68,'짤유',7,'남진훈',3,3,0,0,0,0,0,0,0,0,0,1,0,0,0,0,2,0,0,0),(69,'짤유',7,'김명찬',1,1,0,0,0,0,0,0,0,0,0,1,0,0,0,0,0,0,0,0),(70,'짤유',7,'이철민',2,1,0,0,0,0,0,0,0,1,0,1,0,0,0,0,0,0,0,0),(71,'짤유',7,'변인우',2,2,1,0,1,1,0,0,0,0,0,1,0,0,0,0,0,0,0,0),(72,'짤유',7,'김윤성',1,0,0,0,0,0,0,0,0,1,0,0,1,0,0,0,0,0,0,0),(73,'짤유',7,'이태엽',1,1,0,0,0,0,0,0,0,0,0,1,0,0,0,0,0,0,0,0),(74,'짤유',8,NULL,NULL,NULL,NULL,NULL,NULL,NULL,NULL,NULL,NULL,NULL,0,NULL,NULL,NULL,NULL,NULL,NULL,0,0,0),(75,'짤유',9,'이정룡',3,1,2,0,0,0,0,0,0,2,0,0,2,0,0,0,1,0,0,0),(76,'짤유',9,'조원준',3,3,1,2,1,0,1,0,0,0,0,0,1,0,0,1,0,0,0,0),(77,'짤유',9,'박정우',3,3,0,0,0,0,0,0,0,0,0,1,0,0,0,1,1,0,0,0),(78,'짤유',9,'이철민',3,3,2,1,2,1,1,0,0,0,0,1,1,0,0,0,0,0,0,0),(79,'짤유',9,'김무건',3,2,0,1,1,0,1,0,0,1,0,0,0,0,0,0,1,0,0,0),(80,'짤유',9,'최목',3,3,0,2,2,2,0,0,0,0,0,0,2,0,0,1,0,0,0,0),(81,'짤유',9,'변인우',2,1,0,0,0,0,0,0,0,1,0,1,0,0,0,0,0,0,0,0),(82,'짤유',9,'남진훈',2,2,0,0,1,0,1,0,0,0,0,0,2,0,0,1,0,0,0,0),(83,'짤유',9,'김명찬',2,2,0,0,0,0,0,0,0,0,0,1,0,0,0,0,1,0,0,0),(84,'짤유',10,'이경준',3,3,3,0,2,0,2,0,0,0,0,0,2,0,0,1,0,0,0,0),(85,'짤유',10,'이태엽',3,2,1,0,0,0,0,0,0,1,0,2,1,0,0,1,0,0,0,0),(86,'짤유',10,'변인우',3,3,0,0,0,0,0,0,0,0,0,2,0,0,0,1,0,0,0,0),(87,'짤유',10,'서준상',3,2,2,0,1,0,1,0,0,1,0,0,3,0,0,1,0,0,0,0),(88,'짤유',10,'박정우',3,3,1,2,0,0,0,0,0,0,0,0,1,0,0,1,1,0,0,0),(89,'짤유',10,'김윤성',3,2,1,0,0,0,0,0,0,1,0,0,4,0,0,1,1,0,0,0),(90,'짤유',10,'이철민',3,3,0,2,1,0,1,0,0,0,0,2,1,0,0,0,0,0,0,0),(91,'짤유',10,'여현철',3,2,1,0,0,0,0,0,0,1,0,2,2,0,0,0,1,0,0,0),(92,'짤유',10,'최목',3,2,2,0,0,0,0,0,0,1,0,0,1,0,0,1,1,0,0,0),(93,'짤유',11,'이정룡',3,1,1,0,1,1,0,0,0,1,0,0,2,0,0,0,0,0,0,0),(94,'짤유',11,'이경준',3,3,1,1,1,1,0,0,0,0,0,1,2,0,0,0,1,0,0,0),(95,'짤유',11,'조원준',3,2,1,0,0,0,0,0,0,1,0,1,0,0,1,2,0,0,0,0),(96,'짤유',11,'이철민',3,3,1,0,0,0,0,0,0,0,0,1,0,0,0,1,1,0,0,0),(97,'짤유',11,'박정우',3,3,2,2,1,1,0,0,0,0,0,0,2,0,0,2,0,0,0,0),(98,'짤유',11,'서준상',3,3,1,1,2,2,0,0,0,1,0,1,1,0,0,0,1,0,0,0),(99,'짤유',11,'김무건',3,2,0,1,0,0,0,0,0,1,0,1,1,0,0,1,0,0,0,0),(100,'짤유',11,'최목',3,3,1,2,1,1,0,0,0,0,0,0,1,0,0,2,0,0,0,0),(101,'짤유',11,'김윤성',2,1,0,1,1,1,0,0,0,0,0,0,1,0,0,0,1,0,0,0),(102,'짤유',12,'김무건',3,2,0,0,0,0,0,0,0,1,0,0,0,1,1,0,0,0,0,0),(103,'짤유',12,'조원준',3,2,0,0,0,0,0,0,0,1,0,0,1,1,1,0,0,0,0,0),(104,'짤유',12,'박정우',3,3,0,0,1,1,0,0,0,0,0,0,1,1,1,0,0,0,0,0),(105,'짤유',12,'최목',3,3,0,0,2,2,0,0,0,0,0,0,2,1,0,0,0,0,0,0),(106,'짤유',12,'서준상',3,2,0,0,0,0,0,0,0,1,0,0,2,2,0,0,0,0,0,0),(107,'짤유',12,'이철민',3,3,0,0,0,0,0,0,0,0,0,0,0,1,2,0,0,0,0,0),(108,'짤유',12,'이경준',3,2,0,0,0,0,0,0,0,1,0,0,1,2,0,0,0,0,0,0),(109,'짤유',12,'김명찬',3,1,0,0,0,0,0,0,0,2,0,0,0,1,0,0,0,0,0,0),(110,'짤유',12,'남진훈',3,3,0,0,0,0,0,0,0,0,0,2,0,1,0,0,0,0,0,0),(111,'짤유',13,'이정룡',4,2,1,0,0,0,0,0,0,2,0,1,0,0,0,0,1,0,0,0),(112,'짤유',13,'조원준',4,3,1,0,0,0,0,0,0,1,0,0,1,0,0,2,1,0,0,0),(113,'짤유',13,'김무건',4,3,2,2,2,2,0,0,0,1,0,0,0,0,0,0,1,0,0,0),(114,'짤유',13,'이철민',4,4,1,2,2,0,2,0,0,0,0,1,0,0,0,0,1,0,0,0),(115,'짤유',13,'서준상',3,3,0,2,2,1,1,0,0,0,0,0,0,0,0,1,0,0,0,0),(116,'짤유',13,'최목',3,3,0,0,0,0,0,0,0,0,0,1,0,0,0,0,2,0,0,0),(117,'짤유',13,'김명찬',3,3,0,0,0,0,0,0,0,0,0,2,0,0,0,0,0,0,0,0),(118,'짤유',13,'여현철',2,2,0,0,0,0,0,0,0,0,0,1,1,0,0,1,0,0,0,0),(119,'짤유',13,'김윤성',3,1,1,0,0,0,0,0,0,2,0,0,0,0,0,1,0,0,0,0),(120,'짤유',13,'박정우',1,0,1,0,0,0,0,0,0,1,0,0,0,0,0,0,0,0,0,0),(121,'짤유',18,'이정룡',6,2,4,6,2,1,0,0,1,4,0,0,1,0,0,0,0,0,0,0),(122,'짤유',18,'이경준',6,3,3,3,3,3,0,0,0,3,0,0,0,0,0,0,0,0,0,0),(123,'짤유',18,'박정우',6,6,3,3,2,1,1,0,0,0,0,0,0,0,0,2,1,0,0,0),(124,'짤유',18,'이철민',5,3,2,3,0,0,0,0,0,2,0,0,0,0,0,1,2,0,0,0),(125,'짤유',18,'김무건',5,4,3,3,2,2,0,0,0,0,0,0,0,0,1,1,1,0,0,0),(126,'짤유',18,'문종열',5,3,4,1,3,1,2,0,0,2,0,0,3,0,0,0,0,0,0,0),(127,'짤유',18,'김명찬',5,4,1,2,2,2,0,0,0,1,0,2,0,0,0,0,0,0,0,0),(128,'짤유',18,'남진훈',5,1,2,2,1,1,0,0,0,3,0,0,1,0,1,0,0,0,0,0),(129,'짤유',18,'문준혁',5,3,2,0,0,0,0,0,0,2,0,2,0,0,0,1,0,0,0,0),(130,'짤유',15,'김무건',4,2,3,0,1,1,0,0,0,2,0,0,2,0,0,1,0,0,0,0),(131,'짤유',15,'이경준',4,2,1,0,0,0,0,0,0,1,0,0,0,0,0,1,2,0,0,0),(132,'짤유',15,'이정룡',4,3,2,4,1,1,0,0,0,1,0,0,2,0,0,2,0,0,0,0),(133,'짤유',15,'서준상',4,2,0,1,0,0,0,0,0,2,0,1,1,0,0,1,0,0,0,0),(134,'짤유',15,'최목',4,3,0,2,2,1,1,0,0,1,0,1,0,0,0,0,0,0,0,0),(135,'짤유',15,'조원준',4,2,0,0,0,0,0,0,0,2,0,0,0,0,0,2,0,0,0,0),(136,'짤유',15,'문종열',4,3,0,0,0,0,0,0,0,1,0,1,0,0,0,0,2,0,0,0),(137,'짤유',15,'이철민',4,3,1,1,1,1,0,0,0,1,0,0,1,0,0,1,1,0,0,0),(138,'짤유',15,'김명찬',3,2,2,1,2,2,0,0,0,1,0,0,2,0,0,0,0,0,0,0),(139,'짤유',14,'이정룡',3,2,1,0,0,0,0,0,0,1,0,2,2,0,0,0,0,0,0,0),(140,'짤유',14,'박정우',2,2,0,0,0,0,0,0,0,0,0,1,0,0,0,0,1,0,0,0),(141,'짤유',14,'최목',2,0,1,0,0,0,0,0,0,2,0,0,1,0,0,0,0,0,0,0),(142,'짤유',14,'서준상',2,2,0,2,1,0,1,0,0,0,0,1,0,0,0,0,0,0,0,0),(143,'짤유',14,'이철민',2,1,0,0,0,0,0,0,0,1,0,1,0,0,0,0,0,0,0,0),(144,'짤유',14,'김무건',2,1,0,0,0,0,0,0,0,1,0,1,0,0,0,0,0,0,0,0),(145,'짤유',14,'김윤성',2,2,0,0,0,0,0,0,0,0,0,1,0,0,0,1,0,0,0,0),(146,'짤유',14,'김명찬',2,1,0,0,0,0,0,0,0,1,0,0,0,0,0,1,0,0,0,0),(147,'짤유',14,'최일준',2,1,0,0,0,0,0,0,0,1,0,0,0,0,0,1,0,0,0,0),(148,'짤유',17,'이정룡',3,3,1,1,1,0,1,0,0,0,0,1,0,0,0,1,0,0,0,0),(149,'짤유',17,'문종열',3,3,1,2,1,0,1,0,0,0,0,1,0,0,0,1,0,0,0,0),(150,'짤유',17,'김무건',3,3,2,1,2,1,1,0,0,0,0,0,2,0,0,0,0,0,0,0),(151,'짤유',17,'이경준',3,2,0,1,1,0,1,0,0,1,0,0,2,0,0,0,1,0,0,0),(152,'짤유',17,'김윤성',3,3,0,0,0,0,0,0,0,0,0,1,0,0,0,2,0,0,0,0),(153,'짤유',17,'김명찬',3,3,0,0,0,0,0,0,0,0,0,2,0,0,0,1,0,0,0,0),(154,'짤유',17,'윤동현',2,0,1,0,0,0,0,0,0,2,0,0,1,0,0,0,0,0,0,0),(155,'짤유',17,'이태엽',2,2,0,0,0,0,0,0,0,0,0,1,0,0,0,1,0,0,0,0),(156,'짤유',17,'최일준',2,1,1,0,0,0,0,0,0,1,0,1,0,0,0,0,0,0,0,0),(157,'짤유',20,'김무건',2,1,0,0,0,0,0,0,0,1,0,1,1,0,0,0,0,0,0,0),(158,'짤유',20,'남진훈',1,1,0,0,0,0,0,0,0,0,0,1,0,0,0,0,0,0,0,0),(159,'짤유',20,'이경준',3,3,0,0,0,0,0,0,0,0,0,2,0,0,0,1,0,0,0,0),(160,'짤유',20,'박정우',3,3,0,0,1,1,0,0,0,0,0,1,1,0,0,1,1,0,0,0),(161,'짤유',20,'문종열',3,3,1,0,1,1,0,0,0,0,0,0,2,0,0,1,0,0,0,0),(162,'짤유',20,'서준상',3,1,1,0,0,0,0,0,0,2,0,0,1,0,0,1,0,0,0,0),(163,'짤유',20,'최목',3,3,1,1,2,2,0,0,0,0,0,0,0,0,0,1,0,0,0,0),(164,'짤유',20,'김윤성',2,1,0,0,0,0,0,0,0,1,0,0,1,0,0,0,0,0,0,0),(165,'짤유',20,'정지훈',0,0,0,0,0,0,0,0,0,0,0,0,0,0,0,0,0,0,0,0),(166,'짤유',20,'이태엽',2,2,0,0,0,0,0,0,0,0,0,1,0,0,0,0,0,0,0,0),(167,'짤유',20,'김명찬',2,2,0,2,1,1,0,0,0,0,0,0,0,0,0,1,0,0,0,0),(168,'짤유',21,'이정룡',3,3,1,1,1,1,0,0,0,0,0,2,1,0,0,0,0,0,0,0),(169,'짤유',21,'정지훈',3,1,1,0,0,0,0,0,0,2,0,0,0,0,0,1,0,0,0,0),(170,'짤유',21,'김무건',3,3,1,2,2,2,0,0,0,0,0,0,2,0,0,1,0,0,0,0),(171,'짤유',21,'서준상',3,2,1,1,0,0,0,0,0,1,0,1,1,0,0,1,0,0,0,0),(172,'짤유',21,'박정우',3,1,1,3,0,0,0,0,0,2,0,1,3,0,0,0,0,0,0,0),(173,'짤유',21,'문종열',3,3,0,0,0,0,0,0,0,0,0,3,0,0,0,0,0,0,0,0),(174,'짤유',21,'김명찬',2,1,1,0,0,0,0,0,0,1,0,0,0,0,0,1,0,0,0,0),(175,'짤유',21,'최목',1,1,0,0,0,0,0,0,0,0,0,0,0,0,0,1,0,0,0,0),(176,'짤유',21,'남진훈',2,1,1,0,0,0,0,0,0,1,0,1,0,0,0,0,0,0,0,0),(177,'짤유',21,'김윤성',0,0,0,0,0,0,0,0,0,0,0,0,0,0,0,0,0,0,0,0),(178,'짤유',21,'문준혁',2,2,0,0,0,0,0,0,0,0,0,2,0,0,0,0,0,0,0,0),(179,'짤유',22,'이정룡',4,4,1,0,1,0,1,0,0,0,0,2,1,0,0,1,0,0,0,0),(180,'짤유',22,'문종열',3,2,3,0,1,1,0,0,0,1,0,0,3,0,0,0,1,0,0,0),(181,'짤유',22,'이경준',3,3,2,1,2,1,1,0,0,0,0,0,4,0,0,1,0,0,0,0),(182,'짤유',22,'최목',3,2,0,1,0,0,0,0,0,1,0,0,0,0,0,1,1,0,0,0),(183,'짤유',22,'김무건',3,3,2,0,2,1,1,0,0,0,0,0,3,0,0,1,0,0,0,0),(184,'짤유',22,'서준상',3,3,0,1,0,0,0,0,0,0,0,0,0,0,0,2,1,0,0,0),(185,'짤유',22,'이철민',3,1,0,0,0,0,0,0,0,2,0,0,3,0,0,1,0,0,0,0),(186,'짤유',22,'최일준',3,2,0,0,0,0,0,0,0,1,0,1,1,0,0,1,0,0,0,0),(187,'짤유',22,'남진훈',3,3,0,0,0,0,0,0,0,0,0,1,0,0,0,1,1,0,0,0),(188,'짤유',23,'김무건',5,3,4,0,0,0,0,0,0,2,0,0,2,0,0,2,0,0,0,0),(189,'짤유',23,'이경준',5,3,2,1,2,1,1,0,0,2,0,0,0,0,0,0,1,0,0,0),(190,'짤유',23,'박정우',5,5,1,1,1,1,0,0,0,0,0,0,1,0,0,2,1,0,0,0),(191,'짤유',23,'서준상',5,4,3,3,2,1,0,1,0,1,0,0,3,0,0,1,0,0,0,0),(192,'짤유',23,'이철민',4,4,0,2,2,1,1,0,0,0,0,0,0,0,0,0,2,0,0,0),(193,'짤유',23,'김명찬',4,3,0,1,2,2,0,0,0,1,0,0,2,0,0,1,0,0,0,0),(194,'짤유',23,'남진훈',4,3,0,1,0,0,0,0,0,1,0,0,1,0,0,0,1,0,0,0),(195,'짤유',23,'최일준',2,2,0,0,0,0,0,0,0,0,0,2,0,0,0,0,0,0,0,0),(196,'짤유',23,'김윤성',2,2,0,0,0,0,0,0,0,0,0,2,0,0,0,0,0,0,0,0),(197,'짤유',23,'문준혁',4,2,2,0,1,1,0,0,0,2,0,1,1,0,0,0,0,0,0,0),(198,'짤유',24,'이정룡',4,3,1,0,2,2,0,0,0,1,0,0,2,0,0,0,1,0,0,0),(199,'짤유',24,'박정우',4,3,1,1,0,0,0,0,0,1,0,1,2,0,0,1,0,0,0,0),(200,'짤유',24,'김윤성',4,3,1,2,1,0,1,0,0,1,0,2,1,0,0,0,0,0,0,0),(201,'짤유',24,'이철민',3,2,0,0,0,0,0,0,0,1,0,0,0,0,0,2,0,0,0,0),(202,'짤유',24,'김명찬',3,2,1,0,0,0,0,0,0,1,0,0,3,0,0,2,0,0,0,0),(203,'짤유',24,'남진훈',3,2,1,1,1,0,0,1,0,1,0,1,1,0,0,0,0,0,0,0),(204,'짤유',24,'여현철',2,2,0,0,0,0,0,0,0,0,0,1,0,0,0,0,1,0,0,0),(205,'짤유',24,'이경준',1,1,1,1,1,1,0,0,0,0,0,0,1,0,0,0,0,0,0,0),(206,'짤유',24,'최일준',3,2,2,0,1,1,0,0,0,1,0,1,2,0,0,0,0,0,0,0),(207,'짤유',24,'김재현',3,3,0,1,0,0,0,0,0,0,0,2,0,0,0,1,0,0,0,0),(208,'짤유',25,'이정룡',3,3,2,3,3,1,0,1,1,0,0,0,1,0,0,0,0,0,0,0),(209,'짤유',25,'문종열',3,2,0,1,0,0,0,0,0,0,0,1,0,0,0,1,1,0,0,0),(210,'짤유',25,'박정우',3,3,1,0,2,2,0,0,0,0,0,0,2,0,0,0,1,0,0,0),(211,'짤유',25,'문정우',3,2,0,0,0,0,0,0,0,1,0,1,1,0,0,1,0,0,0,0),(212,'짤유',25,'이호준',3,2,1,0,0,0,0,0,0,1,0,0,1,0,0,0,2,0,0,0),(213,'짤유',25,'최일준',3,1,2,0,0,0,0,0,0,2,0,1,0,0,0,0,0,0,0,0),(214,'짤유',25,'김명찬',2,2,1,1,1,1,0,0,0,0,0,0,0,0,0,0,1,0,0,0),(215,'짤유',25,'여현철',2,1,2,1,0,0,0,0,0,1,0,0,0,0,0,1,0,0,0,0),(216,'짤유',25,'김우경',0,0,0,0,0,0,0,0,0,0,0,0,0,0,0,0,0,0,0,0),(217,'짤유',25,'정지훈',2,1,1,1,0,0,0,0,0,1,0,0,0,0,0,0,1,0,0,0),(218,'짤유',26,'이정룡',4,3,1,2,1,1,0,0,0,1,0,2,0,0,0,0,0,0,0,0),(219,'짤유',26,'구찬우',2,1,0,0,0,0,0,0,0,1,0,1,0,0,0,0,0,0,0,0),(220,'짤유',26,'문종열',4,4,2,1,2,2,0,0,0,0,0,2,1,0,0,0,0,0,0,0),(221,'짤유',26,'박정우',4,4,2,3,3,2,0,1,0,0,0,0,4,0,0,1,0,0,0,0),(222,'짤유',26,'서준상',4,2,2,1,2,1,1,0,0,2,0,0,5,0,0,0,0,0,0,0),(223,'짤유',26,'김명찬',1,1,1,1,0,0,0,0,0,0,0,0,0,0,0,1,0,0,0,0),(224,'짤유',26,'여현철',3,3,0,0,1,1,0,0,0,0,0,2,0,0,0,0,0,0,0,0),(225,'짤유',26,'이호준',4,4,1,3,2,2,0,0,0,0,0,1,2,0,0,1,0,0,0,0),(226,'짤유',26,'최일준',4,3,1,0,0,0,0,0,0,1,0,0,0,0,0,2,1,0,0,0),(227,'짤유',26,'정지훈',4,4,1,0,1,1,0,0,0,0,0,1,2,0,0,1,1,0,0,0),(228,'짤유',26,'문준혁',1,1,0,0,0,0,0,0,0,0,0,1,0,0,0,0,0,0,0,0),(229,'디독스',29,'야나기와 타카유키',3,3,1,0,1,1,0,0,0,0,0,1,0,0,0,0,1,0,0,0),(230,'디독스',29,'서준혁',2,2,0,0,0,0,0,0,0,0,0,2,0,0,0,0,0,0,0,0),(231,'디독스',29,'오용민',2,0,0,0,0,0,0,0,0,2,0,0,0,0,0,0,0,0,0,0),(232,'디독스',29,'안수한',2,1,0,1,1,1,0,0,0,0,0,0,0,0,1,0,0,0,0,0),(233,'디독스',29,'나의석',2,2,0,0,0,0,0,0,0,0,0,1,0,0,0,0,1,0,0,0),(234,'디독스',29,'강기철',2,2,0,0,1,1,0,0,0,0,0,0,0,0,0,1,0,0,0,0),(235,'디독스',29,'홍대정',2,1,0,0,0,0,0,0,0,1,0,0,0,0,0,0,1,0,0,0),(236,'디독스',29,'조승표',2,2,0,0,1,1,0,0,0,0,0,1,0,0,0,0,0,0,0,0),(237,'디독스',29,'장다솔',2,2,0,0,0,0,0,0,0,0,0,1,0,0,0,1,0,0,0,0),(238,'Bullets',30,'문치권',3,3,2,1,2,2,0,0,0,0,0,0,0,0,0,0,1,0,0,0),(239,'Bullets',30,'최지원',3,2,2,0,2,1,1,0,0,1,0,0,0,0,0,0,0,0,0,0),(240,'Bullets',30,'유재석',3,2,3,1,1,0,1,0,0,0,0,0,0,0,0,1,0,0,0,0),(241,'Bullets',30,'임희섭',3,2,0,2,1,1,0,0,0,1,0,0,0,0,0,1,0,0,0,0),(242,'Bullets',30,'전우람',3,3,1,1,2,2,0,0,0,0,0,0,0,0,0,0,1,0,0,0),(243,'Bullets',30,'백광선',2,1,1,0,0,0,0,0,0,1,0,0,0,0,0,0,1,0,0,0),(244,'Bullets',30,'최용재',2,2,1,0,0,0,0,0,0,1,0,1,0,0,0,0,0,0,0,0),(245,'Bullets',30,'정훈영',2,2,1,0,1,0,1,0,0,0,0,0,0,0,0,1,0,0,0,0),(246,'Bullets',30,'심정현',2,2,0,2,1,1,0,0,0,0,0,0,0,0,0,1,0,0,0,0),(247,'Bullets',31,'전우람',3,3,1,0,1,0,1,0,0,0,0,1,0,0,0,0,0,0,0,0),(248,'Bullets',31,'최지원',3,2,1,1,1,0,1,0,0,1,0,0,0,0,0,0,1,0,0,0),(249,'Bullets',31,'유재석',2,1,1,0,0,0,0,0,0,1,0,0,0,0,0,0,0,0,0,0),(250,'Bullets',31,'문치권',1,1,1,0,0,0,0,0,0,0,0,0,0,0,0,1,0,0,0,0),(251,'Bullets',31,'임희섭',3,2,0,1,0,0,0,0,0,1,0,0,0,0,0,2,0,0,0,0),(252,'Bullets',31,'윤석호',2,1,1,0,0,0,0,0,0,1,0,0,0,0,0,0,1,0,0,0),(253,'Bullets',31,'이영재',1,1,1,2,1,0,0,0,1,0,0,0,0,0,0,0,0,0,0,0),(254,'Bullets',31,'심정현',2,2,0,1,1,1,0,0,0,0,0,1,0,0,0,0,0,0,0,0),(255,'Bullets',31,'박주용',1,1,0,0,1,0,0,0,0,0,0,0,0,0,0,0,0,0,0,0),(256,'Bullets',31,'이시우',3,1,0,0,0,0,0,0,0,2,0,1,0,0,0,0,0,0,0,0),(257,'Bullets',31,'정훈영',1,1,0,0,1,1,0,0,0,0,0,0,0,0,0,0,0,0,0,0),(258,'Bullets',31,'김성윤',2,1,0,0,0,0,0,0,0,1,0,0,0,0,0,0,1,0,0,0),(259,'Bullets',31,'백광선',2,2,0,1,1,0,0,0,0,0,0,1,0,0,0,0,0,0,0,0),(260,'Cvilians',32,'박지용',3,2,1,1,0,0,0,0,0,1,0,2,0,0,0,0,0,0,0,0),(261,'Cvilians',32,'이호',3,3,0,0,0,0,0,0,0,0,0,2,0,0,0,0,1,0,0,0),(262,'Cvilians',32,'박천호',3,3,1,2,2,1,1,0,0,0,0,0,0,0,0,0,1,0,0,0),(263,'Cvilians',32,'김동윤',3,3,2,0,1,1,0,0,0,0,0,0,0,0,0,1,1,0,0,0),(264,'Cvilians',32,'김동원',3,3,1,1,2,1,1,0,0,0,0,0,0,0,0,0,0,0,0,0),(265,'Cvilians',32,'정진',3,3,0,0,0,0,0,0,0,0,0,1,0,0,0,0,0,0,0,0),(266,'Cvilians',32,'김지형',2,1,1,0,0,0,0,0,0,1,0,1,0,0,0,0,0,0,0,0),(267,'Cvilians',32,'김우환',2,2,1,0,0,0,0,0,0,0,0,1,0,0,0,1,0,0,0,0),(268,'Cvilians',32,'박진석',2,2,1,0,2,2,0,0,0,0,0,0,0,0,0,0,0,0,0,0),(269,'aceball',33,'김명준',4,4,3,4,3,3,0,0,0,1,0,0,0,0,0,1,0,0,0,0),(270,'aceball',33,'김동현',4,4,3,1,2,1,1,0,0,1,0,0,0,0,0,0,0,0,0,0),(271,'aceball',33,'문원교',4,4,3,3,3,3,0,0,0,0,0,1,0,0,0,0,0,0,0,0),(272,'aceball',33,'김범식',0,0,0,0,0,0,0,0,0,0,0,0,0,0,0,0,0,0,0,0),(273,'aceball',33,'최동순',3,3,4,2,3,3,0,0,0,0,0,0,0,0,0,0,0,0,0,0),(274,'aceball',33,'김정석',3,2,3,1,0,0,0,0,0,1,0,0,0,0,0,0,0,0,0,0),(275,'aceball',33,'홍석승',0,0,0,0,0,0,0,0,0,0,0,0,0,0,0,0,0,0,0,0),(276,'aceball',33,'주현호',3,3,3,2,2,2,0,0,0,0,0,1,0,0,0,0,0,0,0,0),(277,'aceball',33,'박준범',3,2,4,5,2,2,0,0,0,1,0,0,0,0,0,0,0,0,0,0),(278,'aceball',33,'유형석',3,3,4,7,3,1,2,0,0,0,0,0,0,0,0,0,0,0,0,0),(279,'aceball',33,'최광욱',3,3,3,1,0,0,0,0,0,0,0,0,0,0,0,1,1,0,0,0),(280,'메트로스',34,'박병석',2,2,0,0,0,0,0,0,0,0,0,0,0,0,0,0,2,0,0,0),(281,'메트로스',34,'최성락',2,1,0,0,0,0,0,0,0,1,0,1,0,0,0,0,0,0,0,0),(282,'메트로스',34,'김건희',2,1,0,0,0,0,0,0,0,1,0,0,0,0,0,1,0,0,0,0),(283,'메트로스',34,'최경호',2,2,1,0,0,0,0,0,0,1,0,0,0,0,0,1,0,0,0,0),(284,'메트로스',34,'최문규',1,1,0,0,0,0,0,0,0,0,0,1,0,0,0,0,0,0,0,0),(285,'메트로스',34,'유환수',1,0,0,0,0,0,0,0,0,1,0,0,0,0,0,0,0,0,0,0),(286,'메트로스',34,'정인욱',1,1,0,1,0,0,0,0,0,0,0,0,0,0,0,0,0,0,0,0),(287,'메트로스',34,'최강현',1,1,0,0,0,0,0,0,0,0,0,1,0,0,0,0,0,0,0,0),(288,'메트로스',34,'신수용',1,1,0,0,0,0,0,0,0,0,0,1,0,0,0,0,0,0,0,0),(289,'행당힛츠',37,'전병익',4,4,1,0,0,0,0,0,0,0,0,2,0,0,0,0,0,0,0,0),(290,'행당힛츠',37,'윤재천',3,2,0,0,0,0,0,0,0,1,0,2,0,0,0,0,0,0,0,0),(291,'행당힛츠',37,'이겨레',3,3,1,2,1,0,1,0,0,0,0,1,0,0,0,1,0,0,0,0),(292,'행당힛츠',37,'유주태',3,2,0,0,0,0,0,0,0,1,0,1,0,0,0,1,0,0,0,0),(293,'행당힛츠',37,'박승환',3,3,2,1,2,2,0,0,0,0,0,1,0,0,0,0,0,0,0,0),(294,'행당힛츠',37,'임성훈',3,3,0,0,1,0,0,0,0,0,0,0,0,0,0,0,2,0,0,0),(295,'행당힛츠',37,'박주형',3,3,0,1,1,0,1,0,0,0,0,1,0,0,0,1,0,0,0,0),(296,'행당힛츠',37,'홍준의',3,1,0,1,0,0,0,0,0,2,0,1,0,0,0,0,0,0,0,0),(297,'행당힛츠',37,'정현수',3,2,0,0,0,0,0,0,0,0,0,1,0,0,0,2,0,0,0,0),(298,'디독스',38,'신진범',4,3,1,0,0,0,0,0,0,1,0,1,1,0,0,1,1,0,0,0),(299,'디독스',38,'김우석',4,4,0,0,0,0,0,0,0,0,0,1,0,0,0,2,1,0,0,0),(300,'디독스',38,'김세훈',3,3,1,1,3,2,1,0,0,0,0,0,0,0,0,0,0,0,0,0),(301,'디독스',38,'안수한',3,3,0,0,1,1,0,0,0,0,0,0,1,0,0,1,0,0,0,0),(302,'디독스',38,'오용민',3,2,0,0,1,1,0,0,0,1,0,0,0,0,0,1,0,0,0,0),(303,'디독스',38,'전경훈',3,2,1,1,1,0,1,0,0,1,0,0,1,0,0,1,0,0,0,0),(304,'디독스',38,'강기철',3,2,0,0,0,0,0,0,0,1,0,0,0,0,0,0,1,0,0,0),(305,'디독스',38,'나의석',2,2,1,1,0,0,0,0,0,0,0,0,0,0,0,2,0,0,0,0),(306,'디독스',38,'야나기와 타카유키',1,1,1,0,0,0,0,0,0,0,0,0,1,0,0,1,0,0,0,0),(307,'디독스',38,'박종주',2,2,1,0,1,1,0,0,0,0,0,0,0,0,0,1,0,0,0,0),(308,'디독스',38,'조승표',0,0,0,0,0,0,0,0,0,0,0,0,0,0,0,0,0,0,0,0),(309,'디독스',38,'서준혁',1,1,0,0,0,0,0,0,0,0,0,0,0,0,0,1,0,0,0,0),(310,'aceball',39,'홍석승',2,2,0,0,1,1,0,0,0,0,0,1,0,0,0,0,0,0,0,0),(311,'aceball',39,'인기철',2,0,0,0,0,0,0,0,0,0,0,2,0,0,0,0,0,0,0,0),(312,'aceball',39,'김동현',2,2,0,0,1,1,0,0,0,0,0,1,0,0,0,0,0,0,0,0),(313,'aceball',39,'최동순',2,2,0,0,0,0,0,0,0,0,0,1,0,0,0,1,0,0,0,0),(314,'aceball',39,'문원교',2,1,0,0,0,0,0,0,0,1,0,1,0,0,0,0,0,0,0,0),(315,'aceball',39,'유형석',1,1,0,0,0,0,0,0,0,0,0,1,0,0,0,0,0,0,0,0),(316,'aceball',39,'박우열',1,1,0,0,0,0,0,0,0,0,0,1,0,0,0,0,0,0,0,0),(317,'aceball',39,'최광욱',1,1,0,0,0,0,0,0,0,0,0,1,0,0,0,0,0,0,0,0),(318,'aceball',39,'서동익',1,1,0,0,0,0,0,0,0,0,0,1,0,0,0,0,0,0,0,0),(319,'디독스',40,'야나기와 타카유키',3,3,3,1,2,2,0,0,0,0,0,0,3,0,0,1,0,0,0,0),(320,'디독스',40,'서준혁',3,1,1,1,0,0,0,0,0,1,0,1,0,0,1,0,0,0,0,0),(321,'디독스',40,'김세훈',3,3,2,4,2,1,1,0,0,0,0,0,1,0,0,1,0,0,0,0),(322,'디독스',40,'안수한',3,2,2,0,1,0,1,0,0,1,0,0,2,0,0,1,0,0,0,0),(323,'디독스',40,'김우석',3,2,1,1,1,0,1,0,0,1,0,0,0,0,0,0,1,0,0,0),(324,'디독스',40,'전경훈',3,3,1,1,1,1,0,0,0,0,0,0,0,0,0,2,0,0,0,0),(325,'디독스',40,'오용민',3,3,1,0,0,0,0,0,0,0,0,0,1,0,0,3,0,0,0,0),(326,'디독스',40,'조승표',2,2,0,0,0,0,0,0,0,0,0,0,0,0,0,0,2,0,0,0),(327,'디독스',40,'홍대정',1,1,0,1,1,1,0,0,0,0,0,0,0,0,0,0,0,0,0,0),(328,'디독스',40,'장다솔',3,3,2,0,1,1,0,0,0,0,0,0,1,0,0,1,0,0,0,0);
/*!40000 ALTER TABLE `game_1` ENABLE KEYS */;
UNLOCK TABLES;

--
-- Table structure for table `gamelist`
--

DROP TABLE IF EXISTS `gamelist`;
/*!40101 SET @saved_cs_client     = @@character_set_client */;
/*!40101 SET character_set_client = utf8 */;
CREATE TABLE `gamelist` (
  `game_no` int(11) NOT NULL AUTO_INCREMENT,
  `game_date` date DEFAULT NULL,
  `team_no` tinyint(3) unsigned NOT NULL,
  `초말` varchar(4) DEFAULT '말',
  `vsteam` varchar(20) DEFAULT NULL,
  `season` int(11) NOT NULL DEFAULT '2011',
  `league` tinyint(4) NOT NULL DEFAULT '0',
  `result` varchar(3) DEFAULT NULL,
  `득점` int(11) DEFAULT NULL,
  `실점` int(11) DEFAULT NULL,
  PRIMARY KEY (`game_no`)
) ENGINE=MyISAM AUTO_INCREMENT=95 DEFAULT CHARSET=euckr;
/*!40101 SET character_set_client = @saved_cs_client */;

--
-- Dumping data for table `gamelist`
--

LOCK TABLES `gamelist` WRITE;
/*!40000 ALTER TABLE `gamelist` DISABLE KEYS */;
INSERT INTO `gamelist` VALUES (1,'2010-01-16',1,'말','언더독',2010,0,'패',0,1),(2,'2010-01-24',1,'말','언더독',2010,0,'패',4,8),(3,'2010-02-20',1,'말','Bullets',2010,0,'무',0,0),(4,'2010-02-28',1,'말','올베',2010,0,'패',0,1),(5,'2010-03-13',1,'말','Bullets',2010,0,'무',2,2),(6,'2010-03-13',1,'말','루키즈',2010,1,'패',7,9),(7,'2010-03-27',1,'말','Bullets',2010,1,'패',6,15),(8,'2010-04-03',1,'말','언더독',2010,1,'승',12,11),(9,'2010-04-10',1,'말','MBCtalent',2010,2,'패',6,11),(10,'2010-04-17',1,'말','레전드',2010,0,'패',10,14),(11,'2010-04-24',1,'말','gs타임즈',2010,2,'승',7,5),(12,'2010-05-08',1,'말','D-Train',2010,2,'패',4,11),(13,'2010-05-15',1,'말','cvilians',2010,1,'패',7,10),(14,'2010-05-22',1,'말','ACEbraves',2010,2,'패',2,14),(15,'2010-06-05',1,'말','디독스',2010,1,'승',9,8),(16,'2010-06-26',1,'말','Bullets',2010,0,'패',3,15),(17,'2010-07-10',1,'말','러쉬',2010,2,'패',6,11),(18,'2010-08-28',1,'말','Aesq',2010,1,'승',24,9),(19,'2010-06-03',1,'말','불새',2010,0,'패',3,7),(20,'2010-09-25',1,'말','D-Train',2010,2,'패',3,10),(21,'2010-09-25',1,'말','ACEbraves',2010,2,'패',7,8),(22,'2010-10-23',1,'말','레전드',2010,2,'패',8,10),(23,'2010-11-06',1,'말','MBCtalent',2010,2,'승',12,8),(24,'2010-12-11',1,'말','러쉬',2010,2,'패',8,15),(25,'2011-02-26',1,'말','gs타임즈',2010,2,'패',10,17),(26,'2011-02-26',1,'말','레전드',2010,2,'패',11,13),(27,'2010-10-02',1,'말','아슬아슬',2010,2,'패',11,12),(28,'2010-10-30',1,'말','디독스',2010,2,'패',4,15),(29,'2011-02-26',7,'말','Bullets',2011,1,'패',4,10),(30,'2011-02-26',2,'초','디독스',2011,1,'승',10,4),(31,'2011-02-26',2,'말','Civilians',2011,1,'패',6,8),(32,'2011-02-26',4,'초','Bullets',2011,1,'승',8,6),(33,'2011-03-05',8,'말','메트로스',2011,1,'승',18,0),(34,'2011-03-05',3,'초','aceball',2011,1,'패',0,18),(35,'2011-03-05',8,'말','아슬아슬',2011,1,'몰수승',10,0),(36,'2011-03-05',6,'초','aceball',2011,1,'몰수패',0,10),(37,'2011-03-12',5,'초','디독스',2011,1,'패',5,7),(38,'2011-03-12',7,'말','행당힛츠',2011,1,'승',7,5),(39,'2011-03-12',8,'초','디독스',2011,1,'패',2,9),(40,'2011-03-12',7,'말','aceball',2011,1,'승',9,2),(41,'2011-03-19',3,'말','Bullets',2011,1,'패',2,37),(42,'2011-03-19',2,'초','메트로스',2011,1,'승',37,2),(43,'2011-03-19',7,'초','메트로스',2011,1,'승',34,0),(44,'2011-03-19',3,'말','디독스',2011,1,'패',0,34),(45,'2011-03-26',1,'말','aceball',2011,1,'승',8,7),(46,'2011-03-26',8,'초','짤유',2011,1,'패',7,8),(47,'2011-03-26',1,'말','아슬아슬',2011,1,'승',12,0),(48,'2011-03-26',6,'초','짤유',2011,1,'패',0,12),(49,'2011-04-02',4,'말','디독스',2011,1,'무',5,5),(50,'2011-04-02',7,'초','civilans',2011,1,'무',5,5),(51,'2011-04-02',4,'말','메트로스',2011,1,'승',26,5),(52,'2011-04-02',3,'초','civilians',2011,1,'패',5,26),(53,'2011-04-09',6,'말','행당힛츠',2011,1,'패',5,6),(54,'2011-04-09',5,'초','아슬아슬',2011,1,'승',6,5),(55,'2011-04-09',6,'말','디독스',2011,1,'패',5,22),(56,'2011-04-09',7,'초','아슬아슬',2011,1,'승',22,5),(57,'2011-04-23',5,'말','짤유',2011,1,'패',4,6),(58,'2011-04-23',1,'초','행당힛츠',2011,1,'승',6,4),(59,'2011-04-23',5,'말','civilians',2011,1,'패',1,6),(60,'2011-04-23',4,'초','행당힛츠',2011,1,'승',6,1),(61,'2011-06-18',4,'말','아슬아슬',2011,1,'승',20,3),(62,'2011-06-18',6,'초','civilians',2011,1,'패',3,20),(63,'2011-06-18',4,'초','짤유',2011,1,'승',14,9),(64,'2011-06-18',1,'말','civilians',2011,1,'패',9,14),(65,'2011-07-09',5,'말','aceball',2011,1,NULL,0,0),(66,'2011-07-09',8,'초','행당힛츠',2011,1,NULL,0,0),(67,'2011-07-02',5,'초','Bullets',2011,1,'패',0,17),(68,'2011-07-02',2,'말','행당힛츠',2011,1,'승',17,0),(69,'2011-05-14',3,'말','짤유',2011,1,'패',1,25),(70,'2011-05-14',1,'초','메트로스',2011,1,'승',25,1),(71,'2011-05-14',3,'초','행당힛츠',2011,1,'패',6,30),(72,'2011-05-14',5,'말','메트로스',2011,1,'승',30,6),(73,'2011-07-09',2,'말','아슬아슬',2011,1,NULL,0,0),(74,'2011-07-09',6,'초','Bullets',2011,1,NULL,0,0),(75,'2011-07-02',2,'말','aceball',2011,1,'승',13,1),(76,'2011-07-02',8,'초','Bullets',2011,1,'패',1,13),(77,'2011-05-28',1,'말','디독스',2011,1,'패',6,9),(78,'2011-05-28',7,'초','짤유',2011,1,'승',9,6),(79,'2011-05-28',1,'말','Bullets',2011,1,'패',0,16),(80,'2011-05-28',2,'초','짤유',2011,1,'승',16,0),(81,'2011-06-04',8,'초','civilians',2011,1,'패',3,6),(82,'2011-06-04',4,'말','aceball',2011,1,'승',6,3),(83,'2011-06-04',6,'초','메트로스',2011,1,'승',18,6),(84,'2011-06-04',3,'말','아슬아슬',2011,1,'패',6,18),(85,'2011-05-05',1,'초','디독스',2011,0,'패',0,1),(86,'2011-05-05',1,'말','기타',2011,0,'승',1,0),(87,'2011-10-22',1,'말','aceball',2011,0,'승',7,6),(88,'2011-10-29',1,'말','Bullets',2011,0,'패',0,7),(89,'2011-11-19',1,'말','디독스',2011,0,'패',0,7),(90,'2011-10-09',1,'초','벤치클리어스',2011,3,'패',6,16),(91,'2011-10-16',1,'말','빈티즈',2011,3,'패',5,17),(92,'2011-10-23',1,'말','좋은팀',2011,3,'패',14,20),(93,'2011-11-13',1,'초','투혼',2011,3,'패',9,13),(94,'2011-11-20',1,'말','쿨',2011,3,'몰수패',0,7);
/*!40000 ALTER TABLE `gamelist` ENABLE KEYS */;
UNLOCK TABLES;

--
-- Table structure for table `pitcher`
--

DROP TABLE IF EXISTS `pitcher`;
/*!40101 SET @saved_cs_client     = @@character_set_client */;
/*!40101 SET character_set_client = utf8 */;
CREATE TABLE `pitcher` (
  `등판번호` int(4) unsigned NOT NULL AUTO_INCREMENT,
  `이름` varchar(11) NOT NULL DEFAULT '익명',
  `팀명` varchar(11) NOT NULL DEFAULT '기타',
  `승` tinyint(1) NOT NULL DEFAULT '0',
  `패` tinyint(1) NOT NULL DEFAULT '0',
  `홀드` tinyint(1) NOT NULL DEFAULT '0',
  `세이브` tinyint(1) NOT NULL DEFAULT '0',
  `피타석` int(4) NOT NULL DEFAULT '0',
  `아웃수` int(4) unsigned NOT NULL DEFAULT '0',
  `실점` int(4) unsigned NOT NULL DEFAULT '0',
  `자책점` int(4) unsigned NOT NULL DEFAULT '0',
  `피안타` int(4) unsigned NOT NULL DEFAULT '0',
  `피홈런` int(4) unsigned NOT NULL DEFAULT '0',
  `볼넷` int(4) unsigned NOT NULL DEFAULT '0',
  `사구` int(4) unsigned NOT NULL DEFAULT '0',
  `삼진` int(4) unsigned NOT NULL DEFAULT '0',
  `game_no` int(4) unsigned NOT NULL DEFAULT '0',
  `보직` varchar(11) DEFAULT NULL,
  UNIQUE KEY `등판번호` (`등판번호`)
) ENGINE=MyISAM AUTO_INCREMENT=83 DEFAULT CHARSET=euckr;
/*!40101 SET character_set_client = @saved_cs_client */;

--
-- Dumping data for table `pitcher`
--

LOCK TABLES `pitcher` WRITE;
/*!40000 ALTER TABLE `pitcher` DISABLE KEYS */;
INSERT INTO `pitcher` VALUES (1,'나의석','디독스',0,1,0,0,25,9,11,8,10,0,6,0,2,29,'선발'),(2,'임희섭','Bullets',1,0,0,0,19,12,1,1,4,0,3,0,6,30,'선발'),(3,'임희섭','Bullets',0,1,0,0,24,12,8,5,7,0,2,0,8,31,'선발'),(4,'정진','civilians',1,0,0,0,26,12,6,5,7,1,7,0,4,32,'선발'),(5,'서동익','aceball',1,0,0,0,8,6,1,1,0,0,2,0,3,33,NULL),(6,'인기철','aceball',0,0,0,0,5,3,0,0,0,0,2,0,1,33,NULL),(7,'신수용','metros',0,1,0,0,38,6,30,27,18,0,7,3,2,34,'선발'),(8,'나의석','디독스',1,0,0,0,28,15,5,4,5,0,3,1,0,38,NULL),(9,'야나기와 타카유키','디독스',0,0,0,0,0,0,0,0,0,0,0,0,0,38,NULL),(10,'권순호','행당힛츠',0,1,0,0,29,12,6,4,7,0,3,1,2,37,NULL),(11,'최동순','aceball',0,1,0,0,11,3,7,3,4,0,1,0,2,39,NULL),(12,'서동익','aceball',0,0,0,0,16,6,6,5,5,0,0,2,0,39,NULL),(13,'나의석','디독스',1,0,0,0,14,12,0,0,2,0,1,0,10,40,'선발'),(14,'최경호','metros',0,1,0,0,52,9,37,37,21,0,17,2,4,41,NULL),(15,'임희섭','Bullets',1,0,0,0,6,5,0,0,0,0,4,0,3,42,NULL),(16,'신성','Bullets',0,0,0,0,8,4,2,2,1,0,2,1,2,42,NULL),(17,'김우석','디독스',1,0,0,0,9,6,0,0,1,0,0,2,3,43,NULL),(18,'최경호','metros',0,0,0,0,17,2,11,11,11,0,1,0,0,44,NULL),(19,'신수용','metros',0,1,0,0,23,3,18,18,12,0,6,1,0,44,NULL),(20,'최강현','metros',0,0,0,0,5,0,5,5,0,0,5,0,0,44,NULL),(21,'문종열','짤유',1,0,0,0,20,12,7,5,6,0,2,1,2,45,NULL),(22,'서동익','aceball',0,1,0,0,26,11,8,4,8,0,3,1,4,46,NULL),(23,'문종열','짤유',1,0,0,0,18,12,0,0,4,0,1,0,7,47,NULL),(24,'이문배','아슬아슬',0,1,0,0,27,3,12,8,10,0,4,0,4,48,NULL),(25,'정진','civilians',0,0,0,0,8,3,2,2,0,0,3,1,2,49,NULL),(26,'이준용','civilians',0,0,0,0,14,9,3,3,4,0,0,0,3,49,NULL),(27,'김우석','디독스',0,0,0,0,20,12,5,1,3,0,2,1,10,50,NULL),(28,'김동윤','civilians',1,0,0,0,11,6,5,2,2,0,1,0,6,51,NULL),(29,'최성락','metros',0,0,0,0,7,0,6,4,4,0,2,0,0,52,NULL),(30,'정인욱','metros',0,0,0,0,2,0,6,4,4,0,2,0,0,52,NULL),(31,'최경호','metros',0,0,0,0,7,1,3,2,4,0,2,0,0,52,NULL),(32,'신수용','metros',0,1,0,0,19,3,14,12,7,0,7,0,1,52,NULL),(33,'이문배','아슬아슬',0,1,0,0,24,12,6,5,8,1,1,1,8,53,NULL),(34,'이겨레','행당힛츠',0,0,0,0,14,7,4,4,2,0,7,0,2,54,NULL),(35,'유주태','행당힛츠',1,0,0,0,9,5,1,0,2,0,2,0,3,54,NULL),(36,'이문배','아슬아슬',0,0,0,0,15,6,5,3,3,0,1,1,1,55,NULL),(37,'임재관','아슬아슬',0,1,0,0,9,2,7,3,2,0,3,1,0,55,NULL),(38,'표정현','아슬아슬',0,0,0,0,9,1,7,6,7,0,0,7,0,55,NULL),(39,'김세훈','디독스',1,0,0,0,22,9,5,5,7,0,5,0,3,56,NULL),(40,'권순호','행당힛츠',0,1,0,0,24,12,6,5,10,0,0,1,4,57,NULL),(41,'문종열','짤유',1,0,0,0,21,12,4,4,6,0,4,0,3,58,NULL),(42,'유주태','행당힛츠',0,0,0,0,5,2,2,1,1,0,2,0,2,59,NULL),(43,'이겨레','행당힛츠',0,1,0,0,16,9,1,1,1,0,2,0,2,59,NULL),(44,'권순호','행당힛츠',0,0,0,0,4,1,3,2,3,0,0,0,1,59,NULL),(45,'박진석','civilians',1,0,0,0,15,9,0,0,4,0,3,0,4,60,NULL),(46,'정진','civilians',0,0,0,0,6,3,1,0,0,0,1,1,2,60,NULL),(47,'신수용','metros',0,1,0,0,39,9,25,19,12,0,9,1,3,69,'선발'),(48,'문종열','짤유',1,0,0,0,15,9,1,1,2,0,4,0,7,70,'선발'),(49,'박주형','행당힛츠',1,0,0,0,19,7,6,5,2,0,6,3,4,72,NULL),(50,'이겨레','행당힛츠',0,0,0,0,19,2,0,0,0,0,2,0,0,72,NULL),(51,'최성락','metros',0,1,0,0,16,0,16,16,6,0,8,1,0,71,NULL),(52,'신수용','metros',0,0,0,0,2,1,0,0,1,0,0,0,1,71,NULL),(53,'김건희','metros',0,0,0,0,23,5,14,14,9,0,8,1,1,71,NULL),(54,'문종열','짤유',0,1,0,0,29,15,9,8,8,1,2,0,2,77,'선발'),(55,'김우석','디독스',1,0,0,0,26,15,6,4,6,0,4,2,8,78,'선발'),(56,'박정우','짤유',0,0,0,0,17,6,2,2,10,1,1,0,2,79,'중계'),(57,'문종열','짤유',0,1,0,0,14,6,7,5,7,1,2,0,2,79,'선발'),(58,'최용재','Bullets',1,0,0,0,13,9,0,0,3,0,1,0,6,80,'선발'),(59,'임희섭','Bullets',0,0,0,0,4,3,0,0,0,0,1,0,1,80,NULL),(60,'서동익','aceball',0,1,0,0,19,9,4,4,6,0,4,1,2,81,NULL),(61,'인기철','aceball',0,0,0,0,7,3,2,2,2,0,1,1,1,81,NULL),(62,'박천호','civilians',1,0,0,0,24,15,3,3,3,0,6,0,8,82,'선발'),(63,'김지훈','아슬아슬',1,0,0,0,16,6,6,6,6,0,3,0,1,83,NULL),(64,'신수용','metros',0,1,0,0,25,6,18,18,13,0,5,0,1,84,NULL),(65,'문종열','짤유',0,1,0,0,26,9,14,13,11,3,6,0,2,64,'선발'),(66,'정진','civilans',1,0,0,0,15,5,9,7,4,0,5,1,3,63,NULL),(67,'김동윤','civilians',0,0,0,0,5,4,0,0,1,0,1,0,0,63,NULL),(68,'윤영수','civilans',1,0,0,0,23,12,3,2,5,0,5,0,4,61,NULL),(69,'정호열','아슬아슬',0,0,0,0,10,1,8,8,6,0,3,0,1,62,NULL),(70,'김지훈','아슬아슬',0,1,0,0,21,7,9,9,10,0,3,1,4,62,NULL),(71,'최용재','Bullets',1,0,0,0,10,9,0,0,0,0,3,0,4,68,'선발'),(72,'박주형','행당힛츠',0,0,0,0,22,8,10,10,8,0,4,0,2,67,NULL),(73,'유주태','행당힛츠',0,1,0,0,8,1,7,7,2,0,5,0,1,67,NULL),(74,'임희섭','Bullets',1,0,0,0,17,12,1,1,2,0,2,0,7,75,'선발'),(75,'서동익','aceball',0,1,0,0,23,8,13,8,6,2,4,1,3,76,NULL),(76,'최동순','aceball',0,0,0,0,6,1,0,0,0,0,1,0,0,76,NULL),(77,'김재현','짤유',0,1,0,0,24,8,15,5,6,0,4,0,2,90,'선발'),(78,'문종열','짤유',0,0,0,0,6,2,1,1,2,0,0,0,0,90,'중계'),(79,'이경준','짤유',0,1,0,0,13,6,7,5,4,1,4,0,1,91,'선발'),(80,'문종열','짤유',0,0,0,0,9,6,10,4,8,1,3,0,1,91,'중계'),(81,'이경준','짤유',0,1,0,0,18,6,9,7,7,0,4,0,1,92,'선발'),(82,'문종열','짤유',0,0,0,0,29,9,11,2,6,0,3,0,2,92,'중계');
/*!40000 ALTER TABLE `pitcher` ENABLE KEYS */;
UNLOCK TABLES;

--
-- Table structure for table `player`
--

DROP TABLE IF EXISTS `player`;
/*!40101 SET @saved_cs_client     = @@character_set_client */;
/*!40101 SET character_set_client = utf8 */;
CREATE TABLE `player` (
  `id` int(11) NOT NULL AUTO_INCREMENT,
  `name` varchar(25) NOT NULL,
  `team_no` int(1) DEFAULT NULL,
  `major_def` varchar(10) DEFAULT NULL,
  `birth` varchar(7) DEFAULT NULL,
  `birthday` date DEFAULT NULL,
  `backno` varchar(5) DEFAULT NULL,
  PRIMARY KEY (`id`)
) ENGINE=MyISAM AUTO_INCREMENT=145 DEFAULT CHARSET=utf8;
/*!40101 SET character_set_client = @saved_cs_client */;

--
-- Dumping data for table `player`
--

LOCK TABLES `player` WRITE;
/*!40000 ALTER TABLE `player` DISABLE KEYS */;
INSERT INTO `player` VALUES (1,'최경호',3,NULL,'31426','1986-01-16','51'),(2,'정인욱',3,NULL,'32035','1987-09-17','0'),(3,'유환수',3,NULL,'32004','1987-08-17','7'),(4,'김건희',3,NULL,'31901','1987-05-06',NULL),(5,'박병석',3,NULL,'32588','1989-03-23','9'),(6,'최성락',3,NULL,'32420','1988-10-06','17'),(7,'신수용',3,NULL,'32393','1988-09-09','12'),(8,'최문규',3,NULL,'31542','1986-05-12','10'),(9,'최강현',3,NULL,'32132','1987-12-23','1'),(10,'김낙현',4,NULL,'31957','1987-07-01','19'),(11,'김동원',4,NULL,'28537','1978-02-18','44'),(12,'김동윤',4,NULL,'31106','1985-03-02','25'),(13,'김우환',4,NULL,'31945','1987-06-19','13'),(14,'김지형',4,NULL,'33105','1990-08-22','5'),(15,'박지용',4,NULL,'32158','1988-01-18','14'),(16,'박진석',4,NULL,'31693','1986-10-10','23'),(17,'박천호',4,NULL,'31691','1986-10-08','35'),(18,'이명규',4,NULL,'32115','1987-12-06','45'),(19,'이종후',4,NULL,'31957','1987-07-01','29'),(20,'이준용',4,NULL,'28807','1978-11-15','7'),(21,'이호',4,NULL,'31432','1986-01-22','10'),(22,'정진',4,NULL,'31685','1986-10-02','32'),(23,'주환익',4,NULL,'31686','1986-10-03','10--1'),(24,'한지헌',4,NULL,'31296','1985-09-08','22'),(25,'권순호',5,NULL,'30424','1983-04-20','61'),(26,'김경원',5,NULL,'30924','1984-09-01','0'),(27,'박승환',5,NULL,'31829','1987-02-23','20'),(28,'유주태',5,NULL,'30850','1984-06-19','1'),(29,'윤재천',5,NULL,'32155','1988-01-15','28'),(30,'이겨레',5,NULL,'32081','1987-11-02','58'),(31,'임성훈',5,NULL,'30275','1982-11-22','12'),(32,'전병익',5,NULL,'31274','1985-08-17','3'),(33,'전영표',5,NULL,'30424','1983-04-20','10'),(34,'황의상',5,NULL,'32195','1988-02-24','33'),(35,'홍준의',5,NULL,'31549','1986-05-19','7'),(36,'정현수',5,NULL,'33244','1991-01-08','8'),(37,'이동훈',5,NULL,'30287','1982-12-04','29'),(38,'박주형',5,NULL,'32620','1989-04-24','40'),(39,'김성수',6,NULL,'23425','1964-02-20','1'),(40,'정웅교',6,NULL,'32040','1987-09-22','68'),(41,'서종진',6,NULL,'25239','1969-02-07','7'),(42,'변훈',6,NULL,'24408','1966-10-30',NULL),(43,'김건욱',6,NULL,'25579','1970-01-13','13'),(44,'김기범',6,NULL,'25595','1970-01-29','5'),(45,'정인서',6,NULL,'25119','1968-10-10','12'),(46,'이상목',6,NULL,'25808','1970-08-30','82'),(47,'표정현',6,NULL,'25671','1970-04-15','18'),(48,'이상현',6,NULL,'26988','1973-11-22',NULL),(49,'이종용',6,NULL,'32049','1987-10-01','44'),(50,'홍영민',6,NULL,'30555','1983-08-29','22'),(51,'이문배',6,NULL,'29249','1980-01-31','2'),(52,'배관호',6,NULL,'30871','1984-07-10','21'),(53,'임재관',6,NULL,'30778','1984-04-08','61'),(54,'차승환',6,NULL,'30395','1983-03-22',NULL),(55,'조기정',6,NULL,'30634','1983-11-16',NULL),(56,'김정우',6,NULL,'31546','1986-05-16',NULL),(57,'서준혁',7,NULL,'30996','1984-11-12','39'),(58,'오용민',7,NULL,'31579','1986-06-18','29'),(59,'김우석',7,NULL,'30072','1982-05-03','5'),(60,'안수한',7,NULL,'31696','1986-10-13','52'),(61,'조승표',7,NULL,'32201','1988-03-01','99'),(62,'야나기와 타카유키',7,NULL,'31878','1987-04-13','41'),(63,'이중배',7,NULL,'31577','1986-06-16','7'),(64,'박종주',7,NULL,'31857','1987-03-23','61'),(65,'강기철',7,NULL,'31632','1986-08-10','8'),(66,'나의석',7,NULL,'30500','1983-07-05','24'),(67,'신진범',7,NULL,'31935','1987-06-09','13'),(68,'전경훈',7,NULL,'30696','1984-01-17','50'),(69,'홍대정',7,NULL,'31770','1986-12-26','6'),(70,'허정',7,NULL,'32415','1988-10-01','19'),(71,'장다솔',7,NULL,'31470','1986-03-01','10'),(72,'장한솔',7,NULL,'31030','1984-12-16','28'),(73,'김세훈',7,NULL,'31158','1985-04-23','45'),(74,'구찬우',1,NULL,'32409','1988-09-25','56'),(75,'김명찬',1,NULL,'31393','1985-12-14','12'),(76,'김무건',1,NULL,'31420','1986-01-10','25'),(77,'김연각',1,NULL,'32289','1988-05-28','44'),(78,'김윤성',1,NULL,'32541','1989-02-04','3'),(79,'김재현',1,NULL,'30795','1984-04-25','29'),(80,'남진훈',1,NULL,'31525','1986-04-25','31'),(81,'문종열',1,NULL,'31546','1986-05-16','5'),(82,'문준혁',1,NULL,'32912','1990-02-10','9'),(83,'박정우',1,NULL,'32153','1988-01-13','7'),(84,'서준상',1,NULL,'31487','1986-03-18','77'),(85,'여현철',1,NULL,'31049','1985-01-04','1'),(86,'이경준',1,NULL,'31440','1986-01-30','61'),(87,'이정룡',1,NULL,'30948','1984-09-25','4'),(88,'이철민',1,NULL,'31748','1986-12-04','11'),(89,'이호준',1,NULL,'32042','1987-09-24','8'),(90,'정지훈',1,NULL,'31836','1987-03-02','37'),(91,'최목',1,NULL,'30999','1984-11-15','20'),(92,'최일준',1,NULL,'31828','1987-02-22','10'),(93,'최형승',1,NULL,'32707','1989-07-20','33'),(94,'김우경',1,NULL,'32438','1988-10-24','22'),(95,'문정우',1,NULL,'33971','1993-01-04','51'),(96,'이태엽',1,NULL,'31682','1986-09-29','99'),(97,'유재석',2,NULL,'30475','1983-06-10','10'),(98,'김상윤',2,NULL,'31260','1985-08-03','33'),(99,'윤석호',2,NULL,'28873','1979-01-20','50'),(100,'정훈영',2,NULL,'30402','1983-03-29','2'),(101,'복종욱',2,NULL,'30437','1983-05-03','3'),(102,'이시우',2,NULL,'32223','1988-03-23','7'),(103,'백광선',2,NULL,'30924','1984-09-01','8'),(104,'황창준',2,NULL,'30635','1983-11-17','38'),(105,'이석찬',2,NULL,'30558','1983-09-01','39'),(106,'문치권',2,NULL,'31322','1985-10-04','12'),(107,'박주용',2,NULL,'30118','1982-06-18','13'),(108,'김성윤',2,NULL,'31187','1985-05-22','14'),(109,'곽동준',2,NULL,'30773','1984-04-03','5'),(110,'심정현',2,NULL,'31260','1985-08-03','20'),(111,'이영재',2,NULL,'31272','1985-08-15','31'),(112,'김경환',2,NULL,'31360','1985-11-11','34'),(113,'이상호',2,NULL,'31318','1985-09-30','35'),(114,'김범식',2,NULL,'31198','1985-06-02','15'),(115,'임희섭',2,NULL,'31007','1984-11-23','45'),(116,'전우람',2,NULL,'33019','1990-05-28','19'),(117,'최준호',2,NULL,'30965','1984-10-12','53'),(118,'최지원',2,NULL,'33597','1991-12-27','56'),(119,'김성현',2,NULL,'31004','1984-11-20','61'),(120,'최용재',2,NULL,'31736','1986-11-22','24'),(121,'신성',2,NULL,'31736','1986-11-22','29'),(122,'최동순',8,NULL,'32122','1987-12-13','51'),(123,'김정석',8,NULL,'32123','1987-12-14','1'),(125,'서동익',8,NULL,'32125','1987-12-16','5'),(126,'최광욱',8,NULL,'32126','1987-12-17','8'),(127,'박우열',8,NULL,'32127','1987-12-18','22'),(128,'최현재',8,NULL,'32128','1987-12-19','25'),(129,'이성구',8,NULL,'32129','1987-12-20','29'),(130,'김동현',8,NULL,'32130','1987-12-21','33'),(131,'인기철',8,NULL,'32131','1987-12-22','36'),(132,'박준범',8,NULL,'32132','1987-12-23','37'),(133,'김준호',8,NULL,'32133','1987-12-24','49'),(134,'유형석',8,NULL,'32134','1987-12-25','50'),(135,'김명준',8,NULL,'32135','1987-12-26','53'),(136,'김범식',8,NULL,'32136','1987-12-27','77'),(137,'문원교',8,NULL,'32137','1987-12-28','12'),(138,'주현호',8,NULL,'32138','1987-12-29','17'),(139,'홍석승',8,NULL,'32139','1987-12-30','14'),(140,'이성근',8,NULL,'32140','1987-12-31','13'),(141,'손영석',1,'0','32141','1988-01-01',NULL),(142,'조원준',1,NULL,'32142','1988-01-02',NULL),(143,'변인우',1,NULL,'32143','1988-01-03',NULL),(144,'윤동현',1,NULL,'32144','1988-01-04',NULL);
/*!40000 ALTER TABLE `player` ENABLE KEYS */;
UNLOCK TABLES;

--
-- Table structure for table `team`
--

DROP TABLE IF EXISTS `team`;
/*!40101 SET @saved_cs_client     = @@character_set_client */;
/*!40101 SET character_set_client = utf8 */;
CREATE TABLE `team` (
  `team_no` int(11) NOT NULL AUTO_INCREMENT,
  `team_name` varchar(20) NOT NULL,
  `coach` varchar(10) NOT NULL,
  `tel` varchar(20) DEFAULT NULL,
  PRIMARY KEY (`team_no`),
  KEY `team_name` (`team_name`)
) ENGINE=MyISAM AUTO_INCREMENT=20 DEFAULT CHARSET=euckr;
/*!40101 SET character_set_client = @saved_cs_client */;

--
-- Dumping data for table `team`
--

LOCK TABLES `team` WRITE;
/*!40000 ALTER TABLE `team` DISABLE KEYS */;
INSERT INTO `team` VALUES (1,'짤유','박정우',NULL),(2,'Bullets','유재석','010-3683-0608'),(3,'메트로스','최성락',NULL),(4,'Civilians','정진',NULL),(5,'행당힛츠','박승환',NULL),(6,'아슬아슬','김성수',NULL),(7,'디독스','서준혁',NULL),(8,'aceball','최동순',NULL),(10,'루키즈','김명찬',NULL),(11,'MBCtalent','김명찬',NULL),(12,'레전드','김명찬',NULL),(13,'D-train','김명찬',NULL),(14,'GS타임즈','김명찬',NULL),(15,'기타','김명찬',NULL),(16,'Aesq','김명찬',NULL),(17,'AceBraves','김명찬',NULL),(18,'불새','김명찬',NULL),(19,'러쉬','김명찬',NULL);
/*!40000 ALTER TABLE `team` ENABLE KEYS */;
UNLOCK TABLES;
/*!40103 SET TIME_ZONE=@OLD_TIME_ZONE */;

/*!40101 SET SQL_MODE=@OLD_SQL_MODE */;
/*!40014 SET FOREIGN_KEY_CHECKS=@OLD_FOREIGN_KEY_CHECKS */;
/*!40014 SET UNIQUE_CHECKS=@OLD_UNIQUE_CHECKS */;
/*!40101 SET CHARACTER_SET_CLIENT=@OLD_CHARACTER_SET_CLIENT */;
/*!40101 SET CHARACTER_SET_RESULTS=@OLD_CHARACTER_SET_RESULTS */;
/*!40101 SET COLLATION_CONNECTION=@OLD_COLLATION_CONNECTION */;
/*!40111 SET SQL_NOTES=@OLD_SQL_NOTES */;

-- Dump completed on 2016-05-23 23:20:37
